Word,WordKey,Tone,POS,ZhTranslation,ZhHint,Kana,Romaji,Wapuro,BookName,BookSeries,BookChapter,BookExtra,BookWordId,ManualTags,AutoTags,RubyByExcel,RubyByConcat,ALERT,,,,,,,,,,,,,,,,,,,,,
中国人,,4,NOUN,中国人,,,,,BIAORI,1,1,,1,manual,,ちゅうごくじん,ちゅうごくじん,,ちゅうごくじん,中,ちゅう,国,ごく,人,じん,,,,,,,,,,,,,,
日本人,,4,NOUN,日本人,,,,,,1,1,,2,manual,,にほんじん,にほんじん,,にほんじん,日,に,本,ほん,人,じん,,,,,,,,,,,,,,
韓国人,,4,NOUN,韩国人,,,,,,1,1,,3,manual,,かんこくじん,かんこくじん,,かんこくじん,韓,かん,国,こく,人,じん,,,,,,,,,,,,,,
アメリカ人,,4,NOUN,美国人,,,,,,1,1,,4,manual,,あめりかじん,あめりかじん,,あめりかじん,ア,あ,メ,め,リ,り,カ,か,人,じん,,,,,,,,,,
フランス人,,4,NOUN,法国人,,,,,,1,1,,5,manual,,ふらんすじん,ふらんすじん,,ふらんすじん,フ,ふ,ラ,ら,ン,ん,ス,す,人,じん,,,,,,,,,,
学生,,0,NOUN,（大）学生,,,,,,1,1,,6,,auto,がくせい,がくせい,,がくせい,学,がく,生,せい,,,,,,,,,,,,,,,,
先生,,3,NOUN,老师,,,,,,1,1,,7,manual,,せんせい,せんせい,,せんせい,先,せん,生,せい,,,,,,,,,,,,,,,,
留学生,,3,NOUN,留学生,,,,,,1,1,,8,manual,,りゅうがくせい,りゅうがくせい,,りゅうがくせい,留,りゅう,学,がく,生,せい,,,,,,,,,,,,,,
教授,,0,NOUN,教授,,,,,,1,1,,9,,auto,きょうじゅ,きょうじゅ,,きょうじゅ,教,きょう,授,じゅ,,,,,,,,,,,,,,,,
社員,,1,NOUN,职员,社员,,,,,1,1,,10,,auto,しゃいん,しゃいん,,しゃいん,社,しゃ,員,いん,,,,,,,,,,,,,,,,
会社員,,3,NOUN,公司职员,会社员,,,,,1,1,,11,,auto,かいしゃいん,かいしゃいん,,かいしゃいん,会,かい,社,しゃ,員,いん,,,,,,,,,,,,,,
店員,,0,NOUN,店员,,,,,,1,1,,12,manual,,てんいん,てんいん,,てんいん,店,てん,員,いん,,,,,,,,,,,,,,,,
研修生,,3,NOUN,进修生,研修生,,,,,1,1,,13,manual,,けんしゅうせい,けんしゅうせい,,けんしゅうせい,研,けん,修,しゅう,生,せい,,,,,,,,,,,,,,
企業,,1,NOUN,企业,,,,,,1,1,,14,,auto,きぎょう,きぎょう,,きぎょう,企,き,業,ぎょう,,,,,,,,,,,,,,,,
大学,,0,NOUN,大学,,,,,,1,1,,15,,auto,だいがく,だいがく,,だいがく,大,だい,学,がく,,,,,,,,,,,,,,,,
父,,2,NOUN,（我）父亲,,,,,,1,1,,16,,auto,ちち,ちち,,ちち,父,ちち,,,,,,,,,,,,,,,,,,
課長,,0,NOUN,科长,,,,,,1,1,,17,,auto,かちょう,かちょう,,かちょう,課,か,長,ちょう,,,,,,,,,,,,,,,,
社長,,0,NOUN,总经理，社长,,,,,,1,1,,18,,auto,しゃちょう,しゃちょう,,しゃちょう,社,しゃ,長,ちょう,,,,,,,,,,,,,,,,
出迎え,,0,NOUN,迎接,出迎,,,,,1,1,,19,manual,,でむかえ,でむかえ,,でむかえ,出,で,迎,むか,え,え,,,,,,,,,,,,,,
あの人,,2,NOUN,那个人,,,,,,1,1,,20,,auto,あのひと,あのひと,,あのひと,あ,あ,の,の,人,ひと,,,,,,,,,,,,,,
わたし,,0,PRON,我,,,,,,1,1,,21,,auto,わたし,わたし,,わたし,わ,わ,た,た,し,し,,,,,,,,,,,,,,
あなた,,2,PRON,你,,,,,,1,1,,22,,auto,あなた,あなた,,あなた,あ,あ,な,な,た,た,,,,,,,,,,,,,,
どうも,,1,ADV,非常，很,どうも,,,,,1,1,,23,,auto,どうも,どうも,,どうも,ど,ど,う,う,も,も,,,,,,,,,,,,,,
はい,,1,INTERJ,哎，是（应答）；是的,はい,,,,,1,1,,24,,auto,はい,はい,,はい,は,は,い,い,,,,,,,,,,,,,,,,
いいえ,,3,INTERJ,不，不是,いいえ,,,,,1,1,,25,,auto,いいえ,いいえ,,いいえ,い,い,い,い,え,え,,,,,,,,,,,,,,
あっ,,,INTERJ,哎，哎呀,あっ,,,,,1,1,,26,,auto,あっ,あっ,,あっ,あ,あ,っ,っ,,,,,,,,,,,,,,,,
李,,,PROPER,李,,,,,,1,1,,27,,auto,り,り,,り,李,り,,,,,,,,,,,,,,,,,,
王,,1,PROPER,王,,,,,,1,1,,28,,auto,おう,おう,,おう,王,おう,,,,,,,,,,,,,,,,,,
張,,1,PROPER,张,,,,,,1,1,,29,,auto,ちょう,ちょう,,ちょう,張,ちょう,,,,,,,,,,,,,,,,,,
森,,0,PROPER,森,,,,,,1,1,,30,,auto,もり,もり,,もり,森,もり,,,,,,,,,,,,,,,,,,
林,,0,PROPER,林,,,,,,1,1,,31,,auto,はやし,はやし,,はやし,林,はやし,,,,,,,,,,,,,,,,,,
小野,,0,PROPER,小野,,,,,,1,1,,32,manual,,おの,おの,,おの,小,お,野,の,,,,,,,,,,,,,,,,
吉田,,0,PROPER,吉田,,,,,,1,1,,33,manual,,よしだ,よしだ,,よしだ,吉,よし,田,だ,,,,,,,,,,,,,,,,
田中,,0,PROPER,田中,,,,,,1,1,,34,,auto,たなか,たなか,,たなか,田,た,中,なか,,,,,,,,,,,,,,,,
中村,,0,PROPER,中村,,,,,,1,1,,35,,auto,なかむら,なかむら,,なかむら,中,なか,村,むら,,,,,,,,,,,,,,,,
太郎,,1,PROPER,太郎,,,,,,1,1,,36,manual,,たろう,たろう,,たろう,太,た,郎,ろう,,,,,,,,,,,,,,,,
金,,1,PROPER,金,,,,,,1,1,,37,special,,きん,キム,special,キム,金,キム,,,,,,,,,,,,,,,,,,
ヂュポン,,1,PROPER,迪蓬,,,,,,1,1,,38,,auto,ぢゅぽん,ぢゅぽん,,ぢゅぽん,ヂ,ぢ,ュ,ゅ,ポ,ぽ,ン,ん,,,,,,,,,,,,
スミス,,1,PROPER,史密斯,,,,,,1,1,,39,,auto,すみす,すみす,,すみす,ス,す,ミ,み,ス,す,,,,,,,,,,,,,,
ジョンソン,,1,PROPER,约翰逊,,,,,,1,1,,40,,auto,じょんそん,じょんそん,,じょんそん,ジ,じ,ョ,ょ,ン,ん,ソ,そ,ン,ん,,,,,,,,,,
中国,,1,PROPER,中国,,,,,,1,1,,41,manual,,ちゅうごく,ちゅうごく,,ちゅうごく,中,ちゅう,国,ごく,,,,,,,,,,,,,,,,
東京大学,,5,PROPER,东京大学,,,,,,1,1,,42,manual,,とうきょうだいがく,とうきょうだいがく,,とうきょうだいがく,東,とう,京,きょう,大,だい,学,がく,,,,,,,,,,,,
北京大学,,4,PROPER,北京大学,,,,,,1,1,,43,special,,ぺきんだいがく,ペキンだいがく,special,ペキンだいがく,北,ペ,京,キン,大,だい,学,がく,,,,,,,,,,,,
JC企画,,5,PROPER,JC策划公司,,,,,,1,1,,44,special,,JCきかく,ジェーシーきかく,special,ジェーシーきかく,J,ジェー,C,シー,企,き,画,かく,,,,,,,,,,,,
北京旅行社,,5,PROPER,北京旅行社,,,,,,1,1,,45,special,,ぺきんりょこうしゃ,ペキンりょこうしゃ,special,ペキンりょこうしゃ,北,ペ,京,キン,旅,りょ,行,こう,社,しゃ,,,,,,,,,,
日中商事,,5,PROPER,日中商社,,,,,,1,1,,46,manual,,にっちゅうしょうじ,にっちゅうしょうじ,,にっちゅうしょうじ,日,にっ,中,ちゅう,商,しょう,事,じ,,,,,,,,,,,,
こんにちは,,5,IDIOM,你好,,,,,,1,1,,47,,auto,こんにちは,こんにちは,,こんにちは,こ,こ,ん,ん,に,に,ち,ち,は,は,,,,,,,,,,
すみません,,4,IDIOM,对不起；请问,,,,,,1,1,,48,,auto,すみません,すみません,,すみません,す,す,み,み,ま,ま,せ,せ,ん,ん,,,,,,,,,,
どうぞ,,1,IDIOM,请,,,,,,1,1,,49,,auto,どうぞ,どうぞ,,どうぞ,ど,ど,う,う,ぞ,ぞ,,,,,,,,,,,,,,
よろしくお願いします,,,IDIOM,请多关照,,,,,,1,1,,50,manual,,よろしくおねがいします,よろしくおねがいします,,よろしくおねがいします,よ,よ,ろ,ろ,し,し,く,く,お,お,願,ねが,い,い,し,し,ま,ま,す,す
はじめまして,,4,IDIOM,初次见面,,,,,,1,1,,51,,auto,はじめまして,はじめまして,,はじめまして,は,は,じ,じ,め,め,ま,ま,し,し,て,て,,,,,,,,
こちらこそ,,4,IDIOM,我才要（请您~）,,,,,,1,1,,52,,auto,こちらこそ,こちらこそ,,こちらこそ,こ,こ,ち,ち,ら,ら,こ,こ,そ,そ,,,,,,,,,,
そうです,,1,IDIOM,是（这样）,,,,,,1,1,,53,,auto,そうです,そうです,,そうです,そ,そ,う,う,で,で,す,す,,,,,,,,,,,,
ちがいます,,4,IDIOM,不是,,,,,,1,1,,54,,auto,ちがいます,ちがいます,,ちがいます,ち,ち,が,が,い,い,ま,ま,す,す,,,,,,,,,,
分かりません,,5,IDIOM,不知道,,,,,,1,1,,55,manual,,わかりません,わかりません,,わかりません,分,わ,か,か,り,り,ま,ま,せ,せ,ん,ん,,,,,,,,
どうもすみません,,1;7,IDIOM,实在对不起,,,,,,1,1,,56,,auto,どうもすみません,どうもすみません,,どうもすみません,ど,ど,う,う,も,も,す,す,み,み,ま,ま,せ,せ,ん,ん,,,,
さん,,,IDIOM,（~桑）,~桑,,,,,1,1,,57,,auto,さん,さん,,さん,さ,さ,ん,ん,,,,,,,,,,,,,,,,
ちゃん,,,IDIOM,（~酱）,~酱,,,,,1,1,,58,,auto,ちゃん,ちゃん,,ちゃん,ち,ち,ゃ,ゃ,ん,ん,,,,,,,,,,,,,,
君,,,IDIOM,（~君）,~君,,,,,1,1,,59,special,,きみ,くん,special,くん,君,くん,,,,,,,,,,,,,,,,,,
国,,,NOUN,国名,duplicate,,,,,1,1,EXT,1,,auto,くに,くに,,くに,国,くに,,,,,,,,,,,,,,,,,,
中国,,,PROPER,中国,duplicate,,,,,1,1,EXT,2,manual,,ちゅうごく,ちゅうごく,,ちゅうごく,中,ちゅう,国,ごく,,,,,,,,,,,,,,,,
日本,,,PROPER,日本,duplicate,,,,,1,1,EXT,3,manual,,にほん,にほん,,にほん,日,に,本,ほん,,,,,,,,,,,,,,,,
アメリカ,,,PROPER,美国,米国（べいこく）是美国的另一种写法，多用于书面语和新闻媒体,,,,,1,1,EXT,4,,auto,あめりか,あめりか,,あめりか,ア,あ,メ,め,リ,り,カ,か,,,,,,,,,,,,
イギリス,,,PROPER,英国,,,,,,1,1,EXT,5,,auto,いぎりす,いぎりす,,いぎりす,イ,い,ギ,ぎ,リ,り,ス,す,,,,,,,,,,,,
イタリア,,,PROPER,意大利,,,,,,1,1,EXT,6,,auto,いたりあ,いたりあ,,いたりあ,イ,い,タ,た,リ,り,ア,あ,,,,,,,,,,,,
インド,,,PROPER,印度,,,,,,1,1,EXT,7,,auto,いんど,いんど,,いんど,イ,い,ン,ん,ド,ど,,,,,,,,,,,,,,
オーストラリア,,,PROPER,澳大利亚；澳洲,,,,,,1,1,EXT,8,,auto,おーすとらりあ,おーすとらりあ,,おーすとらりあ,オ,お,ー,ー,ス,す,ト,と,ラ,ら,リ,り,ア,あ,,,,,,
韓国,,,NOUN,韩国,,,,,,1,1,EXT,9,manual,,かんこく,かんこく,,かんこく,韓,かん,国,こく,,,,,,,,,,,,,,,,
スペイン,,,PROPER,西班牙,,,,,,1,1,EXT,10,,auto,すぺいん,すぺいん,,すぺいん,ス,す,ペ,ぺ,イ,い,ン,ん,,,,,,,,,,,,
タイ,,,PROPER,泰国,,,,,,1,1,EXT,11,,auto,たい,たい,,たい,タ,た,イ,い,,,,,,,,,,,,,,,,
ドイツ,,,PROPER,德国,,,,,,1,1,EXT,12,,auto,どいつ,どいつ,,どいつ,ド,ど,イ,い,ツ,つ,,,,,,,,,,,,,,
ブラジル,,,PROPER,巴西,,,,,,1,1,EXT,13,,auto,ぶらじる,ぶらじる,,ぶらじる,ブ,ぶ,ラ,ら,ジ,じ,ル,る,,,,,,,,,,,,
フランス,,,PROPER,法国,,,,,,1,1,EXT,14,,auto,ふらんす,ふらんす,,ふらんす,フ,ふ,ラ,ら,ン,ん,ス,す,,,,,,,,,,,,
ベトナム,,,PROPER,越南,,,,,,1,1,EXT,15,,auto,べとなむ,べとなむ,,べとなむ,ベ,べ,ト,と,ナ,な,ム,む,,,,,,,,,,,,
メキシコ,,,PROPER,墨西哥,,,,,,1,1,EXT,16,,auto,めきしこ,めきしこ,,めきしこ,メ,め,キ,き,シ,し,コ,こ,,,,,,,,,,,,
ロシア,,,PROPER,俄罗斯,,,,,,1,1,EXT,17,,auto,ろしあ,ろしあ,,ろしあ,ロ,ろ,シ,し,ア,あ,,,,,,,,,,,,,,
外国,,,NOUN,外国,,,,,,1,1,EXT,18,manual,,がいこく,がいこく,,がいこく,外,がい,国,こく,,,,,,,,,,,,,,,,
人,人,,NOUN,~人,,,,,,1,1,EXT,19,special,,ひと,じん,special,じん,人,じん,,,,,,,,,,,,,,,,,,
中国人,,,NOUN,中国人,duplicate,,,,,1,1,EXT,20,manual,,ちゅうごくじん,ちゅうごくじん,,ちゅうごくじん,中,ちゅう,国,ごく,人,じん,,,,,,,,,,,,,,
日本人,,,NOUN,日本人,duplicate,,,,,1,1,EXT,21,manual,,にほんじん,にほんじん,,にほんじん,日,に,本,ほん,人,じん,,,,,,,,,,,,,,
アメリカ人,,,NOUN,美国人,duplicate,,,,,1,1,EXT,22,manual,,あめりかじん,あめりかじん,,あめりかじん,ア,あ,メ,め,リ,り,カ,か,人,じん,,,,,,,,,,
イギリス人,,,PROPER,英国人,,,,,,1,1,EXT,23,manual,,いぎりすじん,いぎりすじん,,いぎりすじん,イ,い,ギ,ぎ,リ,り,ス,す,人,じん,,,,,,,,,,
イタリア人,,,PROPER,意大利人,,,,,,1,1,EXT,24,manual,,いたりあじん,いたりあじん,,いたりあじん,イ,い,タ,た,リ,り,ア,あ,人,じん,,,,,,,,,,
インド人,,,PROPER,印度人,,,,,,1,1,EXT,25,manual,,いんどじん,いんどじん,,いんどじん,イ,い,ン,ん,ド,ど,人,じん,,,,,,,,,,,,
オーストラリア人,,,PROPER,澳大利亚人,,,,,,1,1,EXT,26,manual,,おーすとらりあじん,おーすとらりあじん,,おーすとらりあじん,オ,お,ー,ー,ス,す,ト,と,ラ,ら,リ,り,ア,あ,人,じん,,,,
韓国人,,,NOUN,韩国人,duplicate,,,,,1,1,EXT,27,manual,,かんこくじん,かんこくじん,,かんこくじん,韓,かん,国,こく,人,じん,,,,,,,,,,,,,,
スペイン人,,,PROPER,西班牙人,,,,,,1,1,EXT,28,manual,,すぺいんじん,すぺいんじん,,すぺいんじん,ス,す,ペ,ぺ,イ,い,ン,ん,人,じん,,,,,,,,,,
タイ人,,,PROPER,泰国人,,,,,,1,1,EXT,29,manual,,たいじん,たいじん,,たいじん,タ,た,イ,い,人,じん,,,,,,,,,,,,,,
ドイツ人,,,PROPER,德国人,,,,,,1,1,EXT,30,manual,,どいつじん,どいつじん,,どいつじん,ド,ど,イ,い,ツ,つ,人,じん,,,,,,,,,,,,
ブラジル人,,,PROPER,巴西人,,,,,,1,1,EXT,31,manual,,ぶらじるじん,ぶらじるじん,,ぶらじるじん,ブ,ぶ,ラ,ら,ジ,じ,ル,る,人,じん,,,,,,,,,,
フランス人,,,PROPER,法国人,duplicate,,,,,1,1,EXT,32,manual,,ふらんすじん,ふらんすじん,,ふらんすじん,フ,ふ,ラ,ら,ン,ん,ス,す,人,じん,,,,,,,,,,
ベトナム人,,,PROPER,越南人,,,,,,1,1,EXT,33,manual,,べとなむじん,べとなむじん,,べとなむじん,ベ,べ,ト,と,ナ,な,ム,む,人,じん,,,,,,,,,,
メキシコ人,,,PROPER,墨西哥人,,,,,,1,1,EXT,34,manual,,めきしこじん,めきしこじん,,めきしこじん,メ,め,キ,き,シ,し,コ,こ,人,じん,,,,,,,,,,
ロシア人,,,PROPER,俄罗斯人,,,,,,1,1,EXT,35,manual,,ろしあじん,ろしあじん,,ろしあじん,ロ,ろ,シ,し,ア,あ,人,じん,,,,,,,,,,,,
外国人,,,NOUN,外国人,,,,,,1,1,EXT,36,manual,,がいこくじん,がいこくじん,,がいこくじん,外,がい,国,こく,人,じん,,,,,,,,,,,,,,
語,,,NOUN,~语,,,,,,1,1,EXT,37,,auto,ご,ご,,ご,語,ご,,,,,,,,,,,,,,,,,,
中国語,,,NOUN,汉语,duplicate,,,,,1,1,EXT,38,manual,,ちゅうごくご,ちゅうごくご,,ちゅうごくご,中,ちゅう,国,ごく,語,ご,,,,,,,,,,,,,,
日本語,,,NOUN,日本语,duplicate,,,,,1,1,EXT,39,manual,,にほんご,にほんご,,にほんご,日,に,本,ほん,語,ご,,,,,,,,,,,,,,
英語,,,NOUN,英语,,,,,,1,1,EXT,40,,auto,えいご,えいご,,えいご,英,えい,語,ご,,,,,,,,,,,,,,,,
英語,,,NOUN,英语,duplicate,,,,,1,1,EXT,41,,auto,えいご,えいご,,えいご,英,えい,語,ご,,,,,,,,,,,,,,,,
イタリア語,,,PROPER,意大利语,,,,,,1,1,EXT,42,,auto,いたりあご,いたりあご,,いたりあご,イ,い,タ,た,リ,り,ア,あ,語,ご,,,,,,,,,,
ヒンディー語,,,PROPER,印地语,,,,,,1,1,EXT,43,,auto,ひんでぃーご,ひんでぃーご,,ひんでぃーご,ヒ,ひ,ン,ん,デ,で,ィ,ぃ,ー,ー,語,ご,,,,,,,,
英語,,,NOUN,英语,duplicate,,,,,1,1,EXT,44,,auto,えいご,えいご,,えいご,英,えい,語,ご,,,,,,,,,,,,,,,,
韓国語,,,NOUN,韩语,,,,,,1,1,EXT,45,manual,,かんこくご,かんこくご,,かんこくご,韓,かん,国,こく,語,ご,,,,,,,,,,,,,,
スペイン語,,,PROPER,西班牙语,,,,,,1,1,EXT,46,,auto,すぺいんご,すぺいんご,,すぺいんご,ス,す,ペ,ぺ,イ,い,ン,ん,語,ご,,,,,,,,,,
タイ語,,,PROPER,泰语,,,,,,1,1,EXT,47,,auto,たいご,たいご,,たいご,タ,た,イ,い,語,ご,,,,,,,,,,,,,,
ドイツ語,,,PROPER,德语,,,,,,1,1,EXT,48,,auto,どいつご,どいつご,,どいつご,ド,ど,イ,い,ツ,つ,語,ご,,,,,,,,,,,,
ポルトガル語,,,PROPER,葡萄牙语,,,,,,1,1,EXT,49,,auto,ぽるとがるご,ぽるとがるご,,ぽるとがるご,ポ,ぽ,ル,る,ト,と,ガ,が,ル,る,語,ご,,,,,,,,
フランス語,,,PROPER,法语,,,,,,1,1,EXT,50,,auto,ふらんすご,ふらんすご,,ふらんすご,フ,ふ,ラ,ら,ン,ん,ス,す,語,ご,,,,,,,,,,
ベトナム語,,,PROPER,越南语,,,,,,1,1,EXT,51,,auto,べとなむご,べとなむご,,べとなむご,ベ,べ,ト,と,ナ,な,ム,む,語,ご,,,,,,,,,,
スペイン語,,,PROPER,西班牙语,duplicate,,,,,1,1,EXT,52,,auto,すぺいんご,すぺいんご,,すぺいんご,ス,す,ペ,ぺ,イ,い,ン,ん,語,ご,,,,,,,,,,
ロシア語,,,PROPER,俄语,,,,,,1,1,EXT,53,,auto,ろしあご,ろしあご,,ろしあご,ロ,ろ,シ,し,ア,あ,語,ご,,,,,,,,,,,,
外国語,,,NOUN,外语,,,,,,1,1,EXT,54,manual,,がいこくご,がいこくご,,がいこくご,外,がい,国,こく,語,ご,,,,,,,,,,,,,,
大陸,,,NOUN,大陆,,,,,,1,1,EXT,55,manual,,たいりく,たいりく,,たいりく,大,たい,陸,りく,,,,,,,,,,,,,,,,
アジア,,,PROPER,亚洲,,,,,,1,1,EXT,56,,auto,あじあ,あじあ,,あじあ,ア,あ,ジ,じ,ア,あ,,,,,,,,,,,,,,
オーストラリア,オーストラリア-BIAORI-2,,PROPER,澳洲,,,,,,1,1,EXT,57,,auto,おーすとらりあ,おーすとらりあ,,おーすとらりあ,オ,お,ー,ー,ス,す,ト,と,ラ,ら,リ,り,ア,あ,,,,,,
ヨーロッパ,,,PROPER,欧洲,,,,,,1,1,EXT,58,,auto,よーろっぱ,よーろっぱ,,よーろっぱ,ヨ,よ,ー,ー,ロ,ろ,ッ,っ,パ,ぱ,,,,,,,,,,
アフリカ,,,PROPER,非洲,,,,,,1,1,EXT,59,,auto,あふりか,あふりか,,あふりか,ア,あ,フ,ふ,リ,り,カ,か,,,,,,,,,,,,
北アメリカ,,,PROPER,北美洲,,,,,,1,1,EXT,60,,auto,きたあめりか,きたあめりか,,きたあめりか,北,きた,ア,あ,メ,め,リ,り,カ,か,,,,,,,,,,
南アメリカ,,,PROPER,南美洲,,,,,,1,1,EXT,61,,auto,みなみあめりか,みなみあめりか,,みなみあめりか,南,みなみ,ア,あ,メ,め,リ,り,カ,か,,,,,,,,,,
本,,1,NOUN,书,,,,,,1,2,,1,,auto,ほん,ほん,,ほん,本,ほん,,,,,,,,,,,,,,,,,,
かばん,,0,NOUN,包，公文包,,,,,,1,2,,2,,auto,かばん,かばん,,かばん,か,か,ば,ば,ん,ん,,,,,,,,,,,,,,
ノート,,1,NOUN,笔记本，本子,,,,,,1,2,,3,,auto,のーと,のーと,,のーと,ノ,の,ー,ー,ト,と,,,,,,,,,,,,,,
鉛筆,,0,NOUN,铅笔,,,,,,1,2,,4,manual,,えんぴつ,えんぴつ,,えんぴつ,鉛,えん,筆,ぴつ,,,,,,,,,,,,,,,,
傘,,1,NOUN,伞,,,,,,1,2,,5,,auto,かさ,かさ,,かさ,傘,かさ,,,,,,,,,,,,,,,,,,
靴,,2,NOUN,鞋,,,,,,1,2,,6,,auto,くつ,くつ,,くつ,靴,くつ,,,,,,,,,,,,,,,,,,
新聞,,0,NOUN,报纸,,,,,,1,2,,7,,auto,しんぶん,しんぶん,,しんぶん,新,しん,聞,ぶん,,,,,,,,,,,,,,,,
雑誌,,0,NOUN,杂志,,,,,,1,2,,8,manual,,ざっし,ざっし,,ざっし,雑,ざっ,誌,し,,,,,,,,,,,,,,,,
辞書,,1,NOUN,词典,,,,,,1,2,,9,,auto,じしょ,じしょ,,じしょ,辞,じ,書,しょ,,,,,,,,,,,,,,,,
カメラ,,1,NOUN,照相机,,,,,,1,2,,10,,auto,かめら,かめら,,かめら,カ,か,メ,め,ラ,ら,,,,,,,,,,,,,,
テレビ,,1,NOUN,电视机,,,,,,1,2,,11,,auto,てれび,てれび,,てれび,テ,て,レ,れ,ビ,び,,,,,,,,,,,,,,
パソコン,,0,NOUN,个人电脑,,,,,,1,2,,12,,auto,ぱそこん,ぱそこん,,ぱそこん,パ,ぱ,ソ,そ,コ,こ,ン,ん,,,,,,,,,,,,
ラジオ,,1,NOUN,收音机,,,,,,1,2,,13,,auto,らじお,らじお,,らじお,ラ,ら,ジ,じ,オ,お,,,,,,,,,,,,,,
電話,,0,NOUN,电话,,,,,,1,2,,14,manual,,でんわ,でんわ,,でんわ,電,でん,話,わ,,,,,,,,,,,,,,,,
机,,0,NOUN,桌子，书桌,,,,,,1,2,,15,,auto,つくえ,つくえ,,つくえ,机,つくえ,,,,,,,,,,,,,,,,,,
いす,,0,NOUN,椅子,,,,,,1,2,,16,,auto,いす,いす,,いす,い,い,す,す,,,,,,,,,,,,,,,,
かぎ,,2,NOUN,钥匙，锁,,,,,,1,2,,17,,auto,かぎ,かぎ,,かぎ,か,か,ぎ,ぎ,,,,,,,,,,,,,,,,
時計,,0,NOUN,钟，表,,,,,,1,2,,18,manual,,とけい,とけい,,とけい,時,と,計,けい,,,,,,,,,,,,,,,,
手帳,,0,NOUN,记事本,,,,,,1,2,,19,manual,,てちょう,てちょう,,てちょう,手,て,帳,ちょう,,,,,,,,,,,,,,,,
写真,,0,NOUN,照片,,,,,,1,2,,20,,auto,しゃしん,しゃしん,,しゃしん,写,しゃ,真,しん,,,,,,,,,,,,,,,,
車,,0,NOUN,车,,,,,,1,2,,21,,auto,くるま,くるま,,くるま,車,くるま,,,,,,,,,,,,,,,,,,
自転車,,0,NOUN,自行车,,,,,,1,2,,22,manual,,じてんしゃ,じてんしゃ,,じてんしゃ,自,じ,転,てん,車,しゃ,,,,,,,,,,,,,,
お土産,,0,NOUN,礼物,,,,,,1,2,,23,manual,,おみやげ,おみやげ,,おみやげ,お,お,土産,みやげ,,,,,,,,,,,,,,,,
名産品,,0,NOUN,特产，名产,,,,,,1,2,,24,manual,,めいさんひん,めいさんひん,,めいさんひん,名,めい,産,さん,品,ひん,,,,,,,,,,,,,,
シルク,,1,NOUN,丝绸,,,,,,1,2,,25,,auto,しるく,しるく,,しるく,シ,し,ル,る,ク,く,,,,,,,,,,,,,,
ハンカチ,,0,NOUN,手绢,,,,,,1,2,,26,,auto,はんかち,はんかち,,はんかち,ハ,は,ン,ん,カ,か,チ,ち,,,,,,,,,,,,
会社,,0,NOUN,公司,,,,,,1,2,,27,,auto,かいしゃ,かいしゃ,,かいしゃ,会,かい,社,しゃ,,,,,,,,,,,,,,,,
方,,2,NOUN,（敬称）位，人,,,,,,1,2,,28,special,,ほう,かた,special,かた,方,かた,,,,,,,,,,,,,,,,,,
人,人-2,0,NOUN,人,,,,,,1,2,,29,,auto,ひと,ひと,,ひと,人,ひと,,,,,,,,,,,,,,,,,,
家族,,1,NOUN,家人，家属,,,,,,1,2,,30,manual,,かぞく,かぞく,,かぞく,家,か,族,ぞく,,,,,,,,,,,,,,,,
母,,1,NOUN,（我）母亲,謙譲語，自谦语,,,,,1,2,,31,,auto,はは,はは,,はは,母,はは,,,,,,,,,,,,,,,,,,
お母さん,,2,NOUN,母亲,丁寧語，礼貌语,,,,,1,2,,32,manual,,おかあさん,おかあさん,,おかあさん,お,お,母,かあ,さ,さ,ん,ん,,,,,,,,,,,,
日本語,,0,NOUN,日语,,,,,,1,2,,33,manual,,にほんご,にほんご,,にほんご,日,に,本,ほん,語,ご,,,,,,,,,,,,,,
中国語,,0,NOUN,汉语，中文,,,,,,1,2,,34,manual,,ちゅうごくご,ちゅうごくご,,ちゅうごくご,中,ちゅう,国,ごく,語,ご,,,,,,,,,,,,,,
これ,,0,PRON,这，这个,代名词，近称,,,,,1,2,,35,,auto,これ,これ,,これ,こ,こ,れ,れ,,,,,,,,,,,,,,,,
それ,,0,PRON,那，那个,代名词，中称,,,,,1,2,,36,,auto,それ,それ,,それ,そ,そ,れ,れ,,,,,,,,,,,,,,,,
あれ,,0,PRON,那，那个,代名词，远称,,,,,1,2,,37,,auto,あれ,あれ,,あれ,あ,あ,れ,れ,,,,,,,,,,,,,,,,
どれ,,1,PRON,哪个,代名词，疑问词,,,,,1,2,,38,,auto,どれ,どれ,,どれ,ど,ど,れ,れ,,,,,,,,,,,,,,,,
何,,1,PRON,什么,何（なん）,,,,,1,2,,39,special,,なに,なん,special,なん,何,なん,,,,,,,,,,,,,,,,,,
だれ,,1,PRON,谁,誰（だれ）,,,,,1,2,,40,,auto,だれ,だれ,,だれ,だ,だ,れ,れ,,,,,,,,,,,,,,,,
どなた,,1,PRON,哪位,何方（どなた）,,,,,1,2,,41,,auto,どなた,どなた,,どなた,ど,ど,な,な,た,た,,,,,,,,,,,,,,
この,,0,RENTAISHI,这，这个,连体词，近称,,,,,1,2,,42,,auto,この,この,,この,こ,こ,の,の,,,,,,,,,,,,,,,,
その,,0,RENTAISHI,那，那个,连体词，中称,,,,,1,2,,43,,auto,その,その,,その,そ,そ,の,の,,,,,,,,,,,,,,,,
あの,,0,RENTAISHI,那，那个,连体词，远称,,,,,1,2,,44,,auto,あの,あの,,あの,あ,あ,の,の,,,,,,,,,,,,,,,,
どの,,1,RENTAISHI,哪个,连体词，疑问词,,,,,1,2,,45,,auto,どの,どの,,どの,ど,ど,の,の,,,,,,,,,,,,,,,,
えっ,,,INTERJ,啊,えっ,,,,,1,2,,46,,auto,えっ,えっ,,えっ,え,え,っ,っ,,,,,,,,,,,,,,,,
わあ,,1,INTERJ,哇,わあ,,,,,1,2,,47,,auto,わあ,わあ,,わあ,わ,わ,あ,あ,,,,,,,,,,,,,,,,
ええ,,1,INTERJ,（应答）嗯，是,ええ,,,,,1,2,,48,,auto,ええ,ええ,,ええ,え,え,え,え,,,,,,,,,,,,,,,,
長島,,0,PROPER,长岛,,,,,,1,2,,49,manual,,ながしま,ながしま,,ながしま,長,なが,島,しま,,,,,,,,,,,,,,,,
日本,,2,PROPER,日本,,,,,,1,2,,50,manual,,にほん,にほん,,にほん,日,に,本,ほん,,,,,,,,,,,,,,,,
スワトウ,,2,PROPER,汕头,,,,,,1,2,,51,,auto,すわとう,すわとう,,すわとう,ス,す,ワ,わ,ト,と,ウ,う,,,,,,,,,,,,
ロンドン,,1,PROPER,伦敦,,,,,,1,2,,52,,auto,ろんどん,ろんどん,,ろんどん,ロ,ろ,ン,ん,ド,ど,ン,ん,,,,,,,,,,,,
ありがとうございます,,2;9,IDIOM,谢谢,ありがとうございます,,,,,1,2,,53,,auto,ありがとうございます,ありがとうございます,,ありがとうございます,あ,あ,り,り,が,が,と,と,う,う,ご,ご,ざ,ざ,い,い,ま,ま,す,す
おいくつ,,0,IDIOM,多大,おいくつ,,,,,1,2,,54,,auto,おいくつ,おいくつ,,おいくつ,お,お,い,い,く,く,つ,つ,,,,,,,,,,,,
何,何-BIAORI-2,,IDIOM,（何~）,何~,,,,,1,2,,55,special,,なに,なん,special,なん,何,なん,,,,,,,,,,,,,,,,,,
歳,,,IDIOM,（~岁）,~岁,,,,,1,2,,56,,auto,さい,さい,,さい,歳,さい,,,,,,,,,,,,,,,,,,
デパート,,2,NOUN,百货商店,,,,,,1,3,,1,,auto,でぱーと,でぱーと,,でぱーと,デ,で,パ,ぱ,ー,ー,ト,と,,,,,,,,,,,,
食堂,,0,NOUN,食堂,,,,,,1,3,,2,,auto,しょくどう,しょくどう,,しょくどう,食,しょく,堂,どう,,,,,,,,,,,,,,,,
郵便局,,3,NOUN,邮局,,,,,,1,3,,3,,auto,ゆうびんきょく,ゆうびんきょく,,ゆうびんきょく,郵,ゆう,便,びん,局,きょく,,,,,,,,,,,,,,
銀行,,0,NOUN,银行,,,,,,1,3,,4,manual,,ぎんこう,ぎんこう,,ぎんこう,銀,ぎん,行,こう,,,,,,,,,,,,,,,,
図書館,,2,NOUN,图书馆,,,,,,1,3,,5,manual,,としょかん,としょかん,,としょかん,図,と,書,しょ,館,かん,,,,,,,,,,,,,,
マンション,,1,NOUN,（高级）公寓,,,,,,1,3,,6,,auto,まんしょん,まんしょん,,まんしょん,マ,ま,ン,ん,シ,し,ョ,ょ,ン,ん,,,,,,,,,,
ホテル,,1,NOUN,宾馆,,,,,,1,3,,7,,auto,ほてる,ほてる,,ほてる,ホ,ほ,テ,て,ル,る,,,,,,,,,,,,,,
コンビニ,,0,NOUN,便利店,,,,,,1,3,,8,,auto,こんびに,こんびに,,こんびに,コ,こ,ン,ん,ビ,び,ニ,に,,,,,,,,,,,,
喫茶店,,0,NOUN,咖啡馆,,,,,,1,3,,9,manual,,きっさてん,きっさてん,,きっさてん,喫,きっ,茶,さ,店,てん,,,,,,,,,,,,,,
病院,,0,NOUN,医院,,,,,,1,3,,10,manual,,びょういん,びょういん,,びょういん,病,びょう,院,いん,,,,,,,,,,,,,,,,
本屋,,1,NOUN,书店,,,,,,1,3,,11,,auto,ほんや,ほんや,,ほんや,本,ほん,屋,や,,,,,,,,,,,,,,,,
レストラン,,1,NOUN,餐馆，西餐馆,,,,,,1,3,,12,,auto,れすとらん,れすとらん,,れすとらん,レ,れ,ス,す,ト,と,ラ,ら,ン,ん,,,,,,,,,,
ビル,,1,NOUN,大楼，大厦,,,,,,1,3,,13,,auto,びる,びる,,びる,ビ,び,ル,る,,,,,,,,,,,,,,,,
建物,,2,NOUN,大楼，建筑物,,,,,,1,3,,14,manual,,たてもの,たてもの,,たてもの,建,たて,物,もの,,,,,,,,,,,,,,,,
売り場,,0,NOUN,柜台，出售处,,,,,,1,3,,15,manual,,うりば,うりば,,うりば,売,う,り,り,場,ば,,,,,,,,,,,,,,
トイレ,,1,NOUN,厕所，盥洗室,,,,,,1,3,,16,,auto,といれ,といれ,,といれ,ト,と,イ,い,レ,れ,,,,,,,,,,,,,,
入り口,,0,NOUN,入口,,,,,,1,3,,17,manual,,いりぐち,いりぐち,,いりぐち,入,い,り,り,口,ぐち,,,,,,,,,,,,,,
事務所,,2,NOUN,事务所，办事处,,,,,,1,3,,18,manual,,じむしょ,じむしょ,,じむしょ,事,じ,務,む,所,しょ,,,,,,,,,,,,,,
受付,,0,NOUN,接待处,,,,,,1,3,,19,manual,,うけつけ,うけつけ,,うけつけ,受,うけ,付,つけ,,,,,,,,,,,,,,,,
バーゲン会場,,5,NOUN,降价处理大卖场,,,,,,1,3,,20,manual,,ばーげんかいじょう,ばーげんかいじょう,,ばーげんかいじょう,バ,ば,ー,ー,ゲ,げ,ン,ん,会,かい,場,じょう,,,,,,,,
エスカレーター,,4,NOUN,自动扶梯,,,,,,1,3,,21,,auto,えすかれーたー,えすかれーたー,,えすかれーたー,エ,え,ス,す,カ,か,レ,れ,ー,ー,タ,た,ー,ー,,,,,,
服,,2,NOUN,衣服,,,,,,1,3,,22,,auto,ふく,ふく,,ふく,服,ふく,,,,,,,,,,,,,,,,,,
コート,,1,NOUN,风衣，大衣,,,,,,1,3,,23,,auto,こーと,こーと,,こーと,コ,こ,ー,ー,ト,と,,,,,,,,,,,,,,
デジカメ,,0,NOUN,数码相机,,,,,,1,3,,24,,auto,でじかめ,でじかめ,,でじかめ,デ,で,ジ,じ,カ,か,メ,め,,,,,,,,,,,,
国,,2,NOUN,国，国家,,,,,,1,3,,25,,auto,くに,くに,,くに,国,くに,,,,,,,,,,,,,,,,,,
地図,,1,NOUN,地图,,,,,,1,3,,26,,auto,ちず,ちず,,ちず,地,ち,図,ず,,,,,,,,,,,,,,,,
隣,,0,NOUN,旁边,,,,,,1,3,,27,,auto,となり,となり,,となり,隣,となり,,,,,,,,,,,,,,,,,,
周辺,,0,NOUN,附近，周边,,,,,,1,3,,28,,auto,しゅうへん,しゅうへん,,しゅうへん,周,しゅう,辺,へん,,,,,,,,,,,,,,,,
今日,,1,NOUN,今天,,,,,,1,3,,29,special,auto,きょう,きょう,special,きょう,今日,きょう,,,,,,,,,,,,,,,,,,
水曜日,,3,NOUN,星期三,,,,,,1,3,,30,manual,,すいようび,みずようひ,,すいようび,水,すい,曜,よう,日,び,,,,,,,,,,,,,,
木曜日,,3,NOUN,星期四,,,,,,1,3,,31,manual,,もくようび,きようひ,,もくようび,木,もく,曜,よう,日,び,,,,,,,,,,,,,,
ここ,,0,PRON,这里，这儿,,,,,,1,3,,32,,auto,ここ,ここ,,ここ,こ,こ,こ,こ,,,,,,,,,,,,,,,,
そこ,,0,PRON,那里，那儿,,,,,,1,3,,33,,auto,そこ,そこ,,そこ,そ,そ,こ,こ,,,,,,,,,,,,,,,,
あそこ,,0,PRON,那里，那儿,,,,,,1,3,,34,,auto,あそこ,あそこ,,あそこ,あ,あ,そ,そ,こ,こ,,,,,,,,,,,,,,
こちら,,0,PRON,这儿，这边,,,,,,1,3,,35,,auto,こちら,こちら,,こちら,こ,こ,ち,ち,ら,ら,,,,,,,,,,,,,,
そちら,,0,PRON,那儿，那边,,,,,,1,3,,36,,auto,そちら,そちら,,そちら,そ,そ,ち,ち,ら,ら,,,,,,,,,,,,,,
あちら,,0,PRON,那儿，那边,,,,,,1,3,,37,,auto,あちら,あちら,,あちら,あ,あ,ち,ち,ら,ら,,,,,,,,,,,,,,
どこ,,1,PRON,哪里，哪儿,,,,,,1,3,,38,,auto,どこ,どこ,,どこ,ど,ど,こ,こ,,,,,,,,,,,,,,,,
どちら,,1,PRON,哪儿，哪边,,,,,,1,3,,39,,auto,どちら,どちら,,どちら,ど,ど,ち,ち,ら,ら,,,,,,,,,,,,,,
あのう,,0,INTERJ,请问，对不起,,,,,,1,3,,40,,auto,あのう,あのう,,あのう,あ,あ,の,の,う,う,,,,,,,,,,,,,,
上海,,1,PROPER,上海,,,,,,1,3,,41,special,,しゃんはい,うえうみ,special,シャンハイ,上,シャン,海,ハイ,,,,,,,,,,,,,,,,
東京,,0,PROPER,东京,,,,,,1,3,,42,manual,,とうきょう,ひがしきょう,,とうきょう,東,とう,京,きょう,,,,,,,,,,,,,,,,
いくら,,1,NOUN;ADV,多少钱,,,,,,1,3,,43,,auto,いくら,いくら,,いくら,い,い,く,く,ら,ら,,,,,,,,,,,,,,
お,御-3,,IDIOM,（御~）,（お～）,,,,,1,3,,44,,auto,お,お,,お,お,お,,,,,,,,,,,,,,,,,,
階,,,IDIOM,（~层）,（～階）,,,,,1,3,,45,,auto,かい,かい,,かい,階,かい,,,,,,,,,,,,,,,,,,
円,,,IDIOM,（~日元）,（～円）,,,,,1,3,,46,,auto,えん,えん,,えん,円,えん,,,,,,,,,,,,,,,,,,
曜日,,,IDIOM,（~曜日）,（～曜日）,,,,,1,3,,47,manual,,ようび,ようひ,,ようび,曜,よう,日,び,,,,,,,,,,,,,,,,
