WordInput,WordKey,Romaji,Wapuro,Pos,JaTranslation,JaHint,ZhTranslation,ZhHint,ZhSentance,ZhSentanceTranslation,BookName,BookChapter,BookExtra,BookWordId,,,,,,,,,,,,,,,30
あ,,a,a,KANA;HIRAGANA;SEION,,安,,,<ruby>愛<rt>あい</rt></ruby>；<ruby>会<rt>あ</rt></ruby>う,爱；见,KANA,HIRAGANA,,1,,,,,,,,,,,,,,,
い,,i,i,KANA;HIRAGANA;SEION,,以,,,<ruby>家<rt>いえ</rt></ruby>,家,KANA,HIRAGANA,,2,,,,,,,,,,,,,,,
う,,u,u,KANA;HIRAGANA;SEION,,宇,,,,,KANA,HIRAGANA,,3,,,,,,,,,,,,,,,
え,,e,e,KANA;HIRAGANA;SEION,,衣,,,,,KANA,HIRAGANA,,4,,,,,,,,,,,,,,,
お,,o,o,KANA;HIRAGANA;SEION,,於,,,,,KANA,HIRAGANA,,5,,,,,,,,,,,,,,,
か,,ka,ka,KANA;HIRAGANA;SEION,,加,,,,,KANA,HIRAGANA,,6,,,,,,,,,,,,,,,
き,,ki,ki,KANA;HIRAGANA;SEION,,幾,,,,,KANA,HIRAGANA,,7,,,,,,,,,,,,,,,
く,,ku,ku,KANA;HIRAGANA;SEION,,久,,,,,KANA,HIRAGANA,,8,,,,,,,,,,,,,,,
け,,ke,ke,KANA;HIRAGANA;SEION,,計,,,,,KANA,HIRAGANA,,9,,,,,,,,,,,,,,,
こ,,ko,ko,KANA;HIRAGANA;SEION,,己,,,,,KANA,HIRAGANA,,10,,,,,,,,,,,,,,,
さ,,sa,sa,KANA;HIRAGANA;SEION,,左,,,,,KANA,HIRAGANA,,11,,,,,,,,,,,,,,,
し,,shi,shi,KANA;HIRAGANA;SEION,,之,,训令式罗马字：si,,,KANA,HIRAGANA,,12,,,,,,,,,,,,,,,
す,,su,su,KANA;HIRAGANA;SEION,,寸,,,,,KANA,HIRAGANA,,13,,,,,,,,,,,,,,,
せ,,se,se,KANA;HIRAGANA;SEION,,世,,,,,KANA,HIRAGANA,,14,,,,,,,,,,,,,,,
そ,,so,so,KANA;HIRAGANA;SEION,,曾,,,,,KANA,HIRAGANA,,15,,,,,,,,,,,,,,,
た,,ta,ta,KANA;HIRAGANA;SEION,,太,,,,,KANA,HIRAGANA,,16,,,,,,,,,,,,,,,
ち,,chi,chi,KANA;HIRAGANA;SEION,,知,,训令式罗马字：ti,,,KANA,HIRAGANA,,17,,,,,,,,,,,,,,,
つ,,tsu,tsu,KANA;HIRAGANA;SEION,,川,,训令式罗马字：tu,,,KANA,HIRAGANA,,18,,,,,,,,,,,,,,,
て,,te,te,KANA;HIRAGANA;SEION,,天,,,,,KANA,HIRAGANA,,19,,,,,,,,,,,,,,,
と,,to,to,KANA;HIRAGANA;SEION,,止,,,,,KANA,HIRAGANA,,20,,,,,,,,,,,,,,,
な,,na,na,KANA;HIRAGANA;SEION,,奈,,,,,KANA,HIRAGANA,,21,,,,,,,,,,,,,,,
に,,ni,ni,KANA;HIRAGANA;SEION,,仁,,,,,KANA,HIRAGANA,,22,,,,,,,,,,,,,,,
ぬ,,nu,nu,KANA;HIRAGANA;SEION,,奴,,,,,KANA,HIRAGANA,,23,,,,,,,,,,,,,,,
ね,,ne,ne,KANA;HIRAGANA;SEION,,祢,,,,,KANA,HIRAGANA,,24,,,,,,,,,,,,,,,
の,,no,no,KANA;HIRAGANA;SEION,,乃,,,,,KANA,HIRAGANA,,25,,,,,,,,,,,,,,,
は,,ha,ha,KANA;HIRAGANA;SEION,,波,,在日语输入法中必须输入ha，不能输入wa,,,KANA,HIRAGANA,,26,,,,,,,,,,,,,,,
ひ,,hi,hi,KANA;HIRAGANA;SEION,,比,,,,,KANA,HIRAGANA,,27,,,,,,,,,,,,,,,
ふ,,fu,fu,KANA;HIRAGANA;SEION,,不,,训令式罗马字：hu,,,KANA,HIRAGANA,,28,,,,,,,,,,,,,,,
へ,,he,he,KANA;HIRAGANA;SEION,,部,,在日语输入法中必须输入he，不能输入e,,,KANA,HIRAGANA,,29,,,,,,,,,,,,,,,
ほ,,ho,ho,KANA;HIRAGANA;SEION,,保,,,,,KANA,HIRAGANA,,30,,,,,,,,,,,,,,,
ま,,ma,ma,KANA;HIRAGANA;SEION,,末,,,,,KANA,HIRAGANA,,31,,,,,,,,,,,,,,,
み,,mi,mi,KANA;HIRAGANA;SEION,,美,,,,,KANA,HIRAGANA,,32,,,,,,,,,,,,,,,
む,,mu,mu,KANA;HIRAGANA;SEION,,武,,,,,KANA,HIRAGANA,,33,,,,,,,,,,,,,,,
め,,me,me,KANA;HIRAGANA;SEION,,女,,,,,KANA,HIRAGANA,,34,,,,,,,,,,,,,,,
も,,mo,mo,KANA;HIRAGANA;SEION,,毛,,,,,KANA,HIRAGANA,,35,,,,,,,,,,,,,,,
や,,ya,ya,KANA;HIRAGANA;SEION,,也,,,,,KANA,HIRAGANA,,36,,,,,,,,,,,,,,,
ゆ,,yu,yu,KANA;HIRAGANA;SEION,,由,,,,,KANA,HIRAGANA,,38,,,,,,,,,,,,,,,
よ,,yo,yo,KANA;HIRAGANA;SEION,,与,,,,,KANA,HIRAGANA,,40,,,,,,,,,,,,,,,
ら,,ra,ra,KANA;HIRAGANA;SEION,,良,,,,,KANA,HIRAGANA,,41,,,,,,,,,,,,,,,
り,,ri,ri,KANA;HIRAGANA;SEION,,利,,,,,KANA,HIRAGANA,,42,,,,,,,,,,,,,,,
る,,ru,ru,KANA;HIRAGANA;SEION,,留,,,,,KANA,HIRAGANA,,43,,,,,,,,,,,,,,,
れ,,re,re,KANA;HIRAGANA;SEION,,礼,,,,,KANA,HIRAGANA,,44,,,,,,,,,,,,,,,
ろ,,ro,ro,KANA;HIRAGANA;SEION,,吕,,,,,KANA,HIRAGANA,,45,,,,,,,,,,,,,,,
わ,,wa,wa,KANA;HIRAGANA;SEION,,和,,,,,KANA,HIRAGANA,,46,,,,,,,,,,,,,,,
ゐ,,wi,wi,DEPRECATED;KANA;HIRAGANA;SEION,,,,现代日语中已废弃,,,KANA,HIRAGANA,EXT,47,,,,,,,,,,,,,,,
ゑ,,we,we,DEPRECATED;KANA;HIRAGANA;SEION,,,,现代日语中已废弃,,,KANA,HIRAGANA,EXT,49,,,,,,,,,,,,,,,
を,,o,wo,KANA;HIRAGANA;SEION,,遠,,在日语输入法中必须输入wo，不能输入o，与お区分,,,KANA,HIRAGANA,,50,,,,,,,,,,,,,,,
ん,,n,nn,KANA;HIRAGANA;HATSUON,,无,,在日语输入法中必须输入nn，不能输入n，与な行区分,,,KANA,HIRAGANA,,51,,,,,,,,,,,,,,,
ア,,a,a,KANA;KATAKANA;SEION,,阿,,,,,KANA,KATAKANA,,1,,,,,,,,,,,,,,,
イ,,i,i,KANA;KATAKANA;SEION,,伊,,,,,KANA,KATAKANA,,2,,,,,,,,,,,,,,,
ウ,,u,u,KANA;KATAKANA;SEION,,宇,,,,,KANA,KATAKANA,,3,,,,,,,,,,,,,,,
エ,,e,e,KANA;KATAKANA;SEION,,江,,,,,KANA,KATAKANA,,4,,,,,,,,,,,,,,,
オ,,o,o,KANA;KATAKANA;SEION,,於,,,,,KANA,KATAKANA,,5,,,,,,,,,,,,,,,
カ,,ka,ka,KANA;KATAKANA;SEION,,加,,,,,KANA,KATAKANA,,6,,,,,,,,,,,,,,,
キ,,ki,ki,KANA;KATAKANA;SEION,,幾,,,,,KANA,KATAKANA,,7,,,,,,,,,,,,,,,
ク,,ku,ku,KANA;KATAKANA;SEION,,久,,,,,KANA,KATAKANA,,8,,,,,,,,,,,,,,,
ケ,,ke,ke,KANA;KATAKANA;SEION,,介,,,,,KANA,KATAKANA,,9,,,,,,,,,,,,,,,
コ,,ko,ko,KANA;KATAKANA;SEION,,己,,,,,KANA,KATAKANA,,10,,,,,,,,,,,,,,,
サ,,sa,sa,KANA;KATAKANA;SEION,,散,,,,,KANA,KATAKANA,,11,,,,,,,,,,,,,,,
シ,,shi,shi,KANA;KATAKANA;SEION,,之,,训令式罗马字：si,,,KANA,KATAKANA,,12,,,,,,,,,,,,,,,
ス,,su,su,KANA;KATAKANA;SEION,,須,,,,,KANA,KATAKANA,,13,,,,,,,,,,,,,,,
セ,,se,se,KANA;KATAKANA;SEION,,世,,,,,KANA,KATAKANA,,14,,,,,,,,,,,,,,,
ソ,,so,so,KANA;KATAKANA;SEION,,曾,,,,,KANA,KATAKANA,,15,,,,,,,,,,,,,,,
タ,,ta,ta,KANA;KATAKANA;SEION,,多,,,,,KANA,KATAKANA,,16,,,,,,,,,,,,,,,
チ,,chi,chi,KANA;KATAKANA;SEION,,千,,训令式罗马字：ti,,,KANA,KATAKANA,,17,,,,,,,,,,,,,,,
ツ,,tsu,tsu,KANA;KATAKANA;SEION,,州,,训令式罗马字：tu,,,KANA,KATAKANA,,18,,,,,,,,,,,,,,,
テ,,te,te,KANA;KATAKANA;SEION,,天,,,,,KANA,KATAKANA,,19,,,,,,,,,,,,,,,
ト,,to,to,KANA;KATAKANA;SEION,,止,,,,,KANA,KATAKANA,,20,,,,,,,,,,,,,,,
ナ,,na,na,KANA;KATAKANA;SEION,,奈,,,,,KANA,KATAKANA,,21,,,,,,,,,,,,,,,
ニ,,ni,ni,KANA;KATAKANA;SEION,,二,,,,,KANA,KATAKANA,,22,,,,,,,,,,,,,,,
ヌ,,nu,nu,KANA;KATAKANA;SEION,,奴,,,,,KANA,KATAKANA,,23,,,,,,,,,,,,,,,
ネ,,ne,ne,KANA;KATAKANA;SEION,,祢,,,,,KANA,KATAKANA,,24,,,,,,,,,,,,,,,
ノ,,no,no,KANA;KATAKANA;SEION,,乃,,,,,KANA,KATAKANA,,25,,,,,,,,,,,,,,,
ハ,,ha,ha,KANA;KATAKANA;SEION,,八,,,,,KANA,KATAKANA,,26,,,,,,,,,,,,,,,
ヒ,,hi,hi,KANA;KATAKANA;SEION,,比,,,,,KANA,KATAKANA,,27,,,,,,,,,,,,,,,
フ,,fu,fu,KANA;KATAKANA;SEION,,不,,训令式罗马字：hu,,,KANA,KATAKANA,,28,,,,,,,,,,,,,,,
ヘ,,he,he,KANA;KATAKANA;SEION,,部,,,,,KANA,KATAKANA,,29,,,,,,,,,,,,,,,
ホ,,ho,ho,KANA;KATAKANA;SEION,,保,,,,,KANA,KATAKANA,,30,,,,,,,,,,,,,,,
マ,,ma,ma,KANA;KATAKANA;SEION,,万,,,,,KANA,KATAKANA,,31,,,,,,,,,,,,,,,
ミ,,mi,mi,KANA;KATAKANA;SEION,,三,,,,,KANA,KATAKANA,,32,,,,,,,,,,,,,,,
ム,,mu,mu,KANA;KATAKANA;SEION,,牟,,,,,KANA,KATAKANA,,33,,,,,,,,,,,,,,,
メ,,me,me,KANA;KATAKANA;SEION,,女,,,,,KANA,KATAKANA,,34,,,,,,,,,,,,,,,
モ,,mo,mo,KANA;KATAKANA;SEION,,毛,,,,,KANA,KATAKANA,,35,,,,,,,,,,,,,,,
ヤ,,ya,ya,KANA;KATAKANA;SEION,,也,,,,,KANA,KATAKANA,,36,,,,,,,,,,,,,,,
ユ,,yu,yu,KANA;KATAKANA;SEION,,由,,,,,KANA,KATAKANA,,38,,,,,,,,,,,,,,,
ヨ,,yo,yo,KANA;KATAKANA;SEION,,与,,,,,KANA,KATAKANA,,40,,,,,,,,,,,,,,,
ラ,,ra,ra,KANA;KATAKANA;SEION,,良,,,,,KANA,KATAKANA,,41,,,,,,,,,,,,,,,
リ,,ri,ri,KANA;KATAKANA;SEION,,利,,,,,KANA,KATAKANA,,42,,,,,,,,,,,,,,,
ル,,ru,ru,KANA;KATAKANA;SEION,,流,,,,,KANA,KATAKANA,,43,,,,,,,,,,,,,,,
レ,,re,re,KANA;KATAKANA;SEION,,礼,,,,,KANA,KATAKANA,,44,,,,,,,,,,,,,,,
ロ,,ro,ro,KANA;KATAKANA;SEION,,吕,,,,,KANA,KATAKANA,,45,,,,,,,,,,,,,,,
ワ,,wa,wa,KANA;KATAKANA;SEION,,和,,,,,KANA,KATAKANA,,46,,,,,,,,,,,,,,,
ヰ,,wi,wi,DEPRECATED;KANA;KATAKANA;SEION,,,,现代日语中已废弃,,,KANA,KATAKANA,EXT,47,,,,,,,,,,,,,,,
ヱ,,we,we,DEPRECATED;KANA;KATAKANA;SEION,,,,现代日语中已废弃,,,KANA,KATAKANA,EXT,49,,,,,,,,,,,,,,,
ヲ,,o,wo,KANA;KATAKANA;SEION,,乎,,在日语输入法中必须输入wo，不能输入o，与オ区分,,,KANA,KATAKANA,,50,,,,,,,,,,,,,,,
ン,,n,nn,KANA;KATAKANA;HATSUON,,,,在日语输入法中必须输入nn，不能输入n，与ナ行区分,,,KANA,KATAKANA,,51,,,,,,,,,,,,,,,
が,,ga,ga,KANA;HIRAGANA;DAKUON,,,,,,,KANA,DAKUON,,1,,,,,,,,,,,,,,,
ぎ,,gi,gi,KANA;HIRAGANA;DAKUON,,,,,,,KANA,DAKUON,,2,,,,,,,,,,,,,,,
ぐ,,gu,gu,KANA;HIRAGANA;DAKUON,,,,,,,KANA,DAKUON,,3,,,,,,,,,,,,,,,
げ,,ge,ge,KANA;HIRAGANA;DAKUON,,,,,,,KANA,DAKUON,,4,,,,,,,,,,,,,,,
ご,,go,go,KANA;HIRAGANA;DAKUON,,,,,,,KANA,DAKUON,,5,,,,,,,,,,,,,,,
ざ,,za,za,KANA;HIRAGANA;DAKUON,,,,,,,KANA,DAKUON,,6,,,,,,,,,,,,,,,
じ,,ji,ji,KANA;HIRAGANA;DAKUON,,,,,,,KANA,DAKUON,,7,,,,,,,,,,,,,,,
ず,,zu,zu,KANA;HIRAGANA;DAKUON,,,,,,,KANA,DAKUON,,8,,,,,,,,,,,,,,,
ぜ,,ze,ze,KANA;HIRAGANA;DAKUON,,,,,,,KANA,DAKUON,,9,,,,,,,,,,,,,,,
ぞ,,zo,zo,KANA;HIRAGANA;DAKUON,,,,,,,KANA,DAKUON,,10,,,,,,,,,,,,,,,
だ,,da,da,KANA;HIRAGANA;DAKUON,,,,,,,KANA,DAKUON,,11,,,,,,,,,,,,,,,
ぢ,,ji,di,KANA;HIRAGANA;DAKUON,,,,在日语输入法中必须输入di，不能输入ji，与じ区分,,,KANA,DAKUON,,12,,,,,,,,,,,,,,,
づ,,zu,du,KANA;HIRAGANA;DAKUON,,,,在日语输入法中必须输入du，不能输入zu，与ず区分,,,KANA,DAKUON,,13,,,,,,,,,,,,,,,
で,,de,de,KANA;HIRAGANA;DAKUON,,,,,,,KANA,DAKUON,,14,,,,,,,,,,,,,,,
ど,,do,do,KANA;HIRAGANA;DAKUON,,,,,,,KANA,DAKUON,,15,,,,,,,,,,,,,,,
ば,,ba,ba,KANA;HIRAGANA;DAKUON,,,,,,,KANA,DAKUON,,16,,,,,,,,,,,,,,,
び,,bi,bi,KANA;HIRAGANA;DAKUON,,,,,,,KANA,DAKUON,,17,,,,,,,,,,,,,,,
ぶ,,bu,bu,KANA;HIRAGANA;DAKUON,,,,,,,KANA,DAKUON,,18,,,,,,,,,,,,,,,
べ,,be,be,KANA;HIRAGANA;DAKUON,,,,,,,KANA,DAKUON,,19,,,,,,,,,,,,,,,
ぼ,,bo,bo,KANA;HIRAGANA;DAKUON,,,,,,,KANA,DAKUON,,20,,,,,,,,,,,,,,,
ぱ,,pa,pa,KANA;HIRAGANA;HANDAKUON,,,,,,,KANA,DAKUON,,21,,,,,,,,,,,,,,,
ぴ,,pi,pi,KANA;HIRAGANA;HANDAKUON,,,,,,,KANA,DAKUON,,22,,,,,,,,,,,,,,,
ぷ,,pu,pu,KANA;HIRAGANA;HANDAKUON,,,,,,,KANA,DAKUON,,23,,,,,,,,,,,,,,,
ぺ,,pe,pe,KANA;HIRAGANA;HANDAKUON,,,,,,,KANA,DAKUON,,24,,,,,,,,,,,,,,,
ぽ,,po,po,KANA;HIRAGANA;HANDAKUON,,,,,,,KANA,DAKUON,,25,,,,,,,,,,,,,,,
ガ,,ga,ga,KANA;KATAKANA;DAKUON,,,,,,,KANA,DAKUON,,101,,,,,,,,,,,,,,,
ギ,,gi,gi,KANA;KATAKANA;DAKUON,,,,,,,KANA,DAKUON,,102,,,,,,,,,,,,,,,
グ,,gu,gu,KANA;KATAKANA;DAKUON,,,,,,,KANA,DAKUON,,103,,,,,,,,,,,,,,,
ゲ,,ge,ge,KANA;KATAKANA;DAKUON,,,,,,,KANA,DAKUON,,104,,,,,,,,,,,,,,,
ゴ,,go,go,KANA;KATAKANA;DAKUON,,,,,,,KANA,DAKUON,,105,,,,,,,,,,,,,,,
ザ,,za,za,KANA;KATAKANA;DAKUON,,,,,,,KANA,DAKUON,,106,,,,,,,,,,,,,,,
ジ,,ji,ji,KANA;KATAKANA;DAKUON,,,,,,,KANA,DAKUON,,107,,,,,,,,,,,,,,,
ズ,,zu,zu,KANA;KATAKANA;DAKUON,,,,,,,KANA,DAKUON,,108,,,,,,,,,,,,,,,
ゼ,,ze,ze,KANA;KATAKANA;DAKUON,,,,,,,KANA,DAKUON,,109,,,,,,,,,,,,,,,
ゾ,,zo,zo,KANA;KATAKANA;DAKUON,,,,,,,KANA,DAKUON,,110,,,,,,,,,,,,,,,
ダ,,da,da,KANA;KATAKANA;DAKUON,,,,,,,KANA,DAKUON,,111,,,,,,,,,,,,,,,
ヂ,,ji,di,KANA;KATAKANA;DAKUON,,,,在日语输入法中必须输入di，不能输入ji，与ジ区分,,,KANA,DAKUON,,112,,,,,,,,,,,,,,,
ヅ,,zu,du,KANA;KATAKANA;DAKUON,,,,在日语输入法中必须输入du，不能输入zu，与ズ区分,,,KANA,DAKUON,,113,,,,,,,,,,,,,,,
デ,,de,de,KANA;KATAKANA;DAKUON,,,,,,,KANA,DAKUON,,114,,,,,,,,,,,,,,,
ド,,do,do,KANA;KATAKANA;DAKUON,,,,,,,KANA,DAKUON,,115,,,,,,,,,,,,,,,
バ,,ba,ba,KANA;KATAKANA;DAKUON,,,,,,,KANA,DAKUON,,116,,,,,,,,,,,,,,,
ビ,,bi,bi,KANA;KATAKANA;DAKUON,,,,,,,KANA,DAKUON,,117,,,,,,,,,,,,,,,
ブ,,bu,bu,KANA;KATAKANA;DAKUON,,,,,,,KANA,DAKUON,,118,,,,,,,,,,,,,,,
ベ,,be,be,KANA;KATAKANA;DAKUON,,,,,,,KANA,DAKUON,,119,,,,,,,,,,,,,,,
ボ,,bo,bo,KANA;KATAKANA;DAKUON,,,,,,,KANA,DAKUON,,120,,,,,,,,,,,,,,,
パ,,pa,pa,KANA;KATAKANA;HANDAKUON,,,,,,,KANA,DAKUON,,121,,,,,,,,,,,,,,,
ピ,,pi,pi,KANA;KATAKANA;HANDAKUON,,,,,,,KANA,DAKUON,,122,,,,,,,,,,,,,,,
プ,,pu,pu,KANA;KATAKANA;HANDAKUON,,,,,,,KANA,DAKUON,,123,,,,,,,,,,,,,,,
ペ,,pe,pe,KANA;KATAKANA;HANDAKUON,,,,,,,KANA,DAKUON,,124,,,,,,,,,,,,,,,
ポ,,po,po,KANA;KATAKANA;HANDAKUON,,,,,,,KANA,DAKUON,,125,,,,,,,,,,,,,,,
きゃ,,kya,kya,KANA;HIRAGANA;SEION;YOON,,,,,,,KANA,YOON,,1,,,,,,,,,,,,,,,
きゅ,,kyu,kyu,KANA;HIRAGANA;SEION;YOON,,,,,,,KANA,YOON,,2,,,,,,,,,,,,,,,
きょ,,kyo,kyo,KANA;HIRAGANA;SEION;YOON,,,,,,,KANA,YOON,,3,,,,,,,,,,,,,,,
しゃ,,sha,sha,KANA;HIRAGANA;SEION;YOON,,,,赫本式罗马字：sha，训令式罗马字：sya,,,KANA,YOON,,4,,,,,,,,,,,,,,,
しゅ,,shu,shu,KANA;HIRAGANA;SEION;YOON,,,,赫本式罗马字：shu，训令式罗马字：syu,,,KANA,YOON,,5,,,,,,,,,,,,,,,
しょ,,sho,sho,KANA;HIRAGANA;SEION;YOON,,,,赫本式罗马字：sho，训令式罗马字：syo,,,KANA,YOON,,6,,,,,,,,,,,,,,,
ちゃ,,cha,cha,KANA;HIRAGANA;SEION;YOON,,,,,,,KANA,YOON,,7,,,,,,,,,,,,,,,
ちゅ,,chu,chu,KANA;HIRAGANA;SEION;YOON,,,,,,,KANA,YOON,,8,,,,,,,,,,,,,,,
ちょ,,cho,cho,KANA;HIRAGANA;SEION;YOON,,,,,,,KANA,YOON,,9,,,,,,,,,,,,,,,
にゃ,,nya,nya,KANA;HIRAGANA;SEION;YOON,,,,,,,KANA,YOON,,10,,,,,,,,,,,,,,,
にゅ,,nyu,nyu,KANA;HIRAGANA;SEION;YOON,,,,,,,KANA,YOON,,11,,,,,,,,,,,,,,,
にょ,,nyo,nyo,KANA;HIRAGANA;SEION;YOON,,,,,,,KANA,YOON,,12,,,,,,,,,,,,,,,
ひゃ,,hya,hya,KANA;HIRAGANA;SEION;YOON,,,,,,,KANA,YOON,,13,,,,,,,,,,,,,,,
ひゅ,,hyu,hyu,KANA;HIRAGANA;SEION;YOON,,,,,,,KANA,YOON,,14,,,,,,,,,,,,,,,
ひょ,,hyo,hyo,KANA;HIRAGANA;SEION;YOON,,,,,,,KANA,YOON,,15,,,,,,,,,,,,,,,
みゃ,,mya,mya,KANA;HIRAGANA;SEION;YOON,,,,,,,KANA,YOON,,16,,,,,,,,,,,,,,,
みゅ,,myu,myu,KANA;HIRAGANA;SEION;YOON,,,,,,,KANA,YOON,,17,,,,,,,,,,,,,,,
みょ,,myo,myo,KANA;HIRAGANA;SEION;YOON,,,,,,,KANA,YOON,,18,,,,,,,,,,,,,,,
りゃ,,rya,rya,KANA;HIRAGANA;SEION;YOON,,,,,,,KANA,YOON,,19,,,,,,,,,,,,,,,
りゅ,,ryu,ryu,KANA;HIRAGANA;SEION;YOON,,,,,,,KANA,YOON,,20,,,,,,,,,,,,,,,
りょ,,ryo,ryo,KANA;HIRAGANA;SEION;YOON,,,,,,,KANA,YOON,,21,,,,,,,,,,,,,,,
ぎゃ,,gya,gya,KANA;HIRAGANA;DAKUON;YOON,,,,,,,KANA,YOON,,22,,,,,,,,,,,,,,,
ぎゅ,,gyu,gyu,KANA;HIRAGANA;DAKUON;YOON,,,,,,,KANA,YOON,,23,,,,,,,,,,,,,,,
ぎょ,,gyo,gyo,KANA;HIRAGANA;DAKUON;YOON,,,,,,,KANA,YOON,,24,,,,,,,,,,,,,,,
じゃ,,ja,ja,KANA;HIRAGANA;DAKUON;YOON,,,,赫本式罗马字：ja，训令式罗马字：zya，不存在jya,,,KANA,YOON,,25,,,,,,,,,,,,,,,
じゅ,,ju,ju,KANA;HIRAGANA;DAKUON;YOON,,,,赫本式罗马字：ju，训令式罗马字：zyu，不存在jyu,,,KANA,YOON,,26,,,,,,,,,,,,,,,
じょ,,jo,jo,KANA;HIRAGANA;DAKUON;YOON,,,,赫本式罗马字：ja，训令式罗马字：zya，不存在jya,,,KANA,YOON,,27,,,,,,,,,,,,,,,
びゃ,,bya,bya,KANA;HIRAGANA;DAKUON;YOON,,,,,,,KANA,YOON,,28,,,,,,,,,,,,,,,
びゅ,,byu,byu,KANA;HIRAGANA;DAKUON;YOON,,,,,,,KANA,YOON,,29,,,,,,,,,,,,,,,
びょ,,byo,byo,KANA;HIRAGANA;DAKUON;YOON,,,,,,,KANA,YOON,,30,,,,,,,,,,,,,,,
ぴゃ,,pya,pya,KANA;HIRAGANA;HANDAKUON;YOON,,,,,,,KANA,YOON,,31,,,,,,,,,,,,,,,
ぴゅ,,pyu,pyu,KANA;HIRAGANA;HANDAKUON;YOON,,,,,,,KANA,YOON,,32,,,,,,,,,,,,,,,
ぴょ,,pyo,pyo,KANA;HIRAGANA;HANDAKUON;YOON,,,,,,,KANA,YOON,,33,,,,,,,,,,,,,,,
ゃ,,xya,xya,KANA;HIRAGANA;SEION;YOON,,,,在日语输入法中输入前缀x或l可直接输入小字,,,KANA,YOON,,34,,,,,,,,,,,,,,,
ゅ,,xyu,xyu,KANA;HIRAGANA;SEION;YOON,,,,在日语输入法中输入前缀x或l可直接输入小字,,,KANA,YOON,,35,,,,,,,,,,,,,,,
ょ,,xyo,xyo,KANA;HIRAGANA;SEION;YOON,,,,在日语输入法中输入前缀x或l可直接输入小字,,,KANA,YOON,,36,,,,,,,,,,,,,,,
っ,,xtu,xtu,KANA;HIRAGANA;SOKUON,,,,促音只会发生在かさたぱ行假名之前，促音的罗马字是双写后一个假名的子音（辅音），在输入法中可直接双写后一个假名的子音输入，例如：kka-っか，ssa-っさ，tta-った，ppa-っぱ，也可通过xtu（或xtsu）直接输入促音,,,KANA,YOON,,37,,,,,,,,,,,,,,,
キャ,,kya,kya,KANA;KATAKANA;SEION;YOON,,,,,,,KANA,YOON,,51,,,,,,,,,,,,,,,
キュ,,kyu,kyu,KANA;KATAKANA;SEION;YOON,,,,,,,KANA,YOON,,52,,,,,,,,,,,,,,,
キョ,,kyo,kyo,KANA;KATAKANA;SEION;YOON,,,,,,,KANA,YOON,,53,,,,,,,,,,,,,,,
シャ,,sha,sha,KANA;KATAKANA;SEION;YOON,,,,赫本式罗马字：sha，训令式罗马字：sya,,,KANA,YOON,,54,,,,,,,,,,,,,,,
シュ,,shu,shu,KANA;KATAKANA;SEION;YOON,,,,赫本式罗马字：shu，训令式罗马字：syu,,,KANA,YOON,,55,,,,,,,,,,,,,,,
ショ,,sho,sho,KANA;KATAKANA;SEION;YOON,,,,赫本式罗马字：sho，训令式罗马字：syo,,,KANA,YOON,,56,,,,,,,,,,,,,,,
チャ,,cha,cha,KANA;KATAKANA;SEION;YOON,,,,,,,KANA,YOON,,57,,,,,,,,,,,,,,,
チュ,,chu,chu,KANA;KATAKANA;SEION;YOON,,,,,,,KANA,YOON,,58,,,,,,,,,,,,,,,
チョ,,cho,cho,KANA;KATAKANA;SEION;YOON,,,,,,,KANA,YOON,,59,,,,,,,,,,,,,,,
ニャ,,nya,nya,KANA;KATAKANA;SEION;YOON,,,,,,,KANA,YOON,,60,,,,,,,,,,,,,,,
ニュ,,nyu,nyu,KANA;KATAKANA;SEION;YOON,,,,,,,KANA,YOON,,61,,,,,,,,,,,,,,,
ニョ,,nyo,nyo,KANA;KATAKANA;SEION;YOON,,,,,,,KANA,YOON,,62,,,,,,,,,,,,,,,
ヒャ,,hya,hya,KANA;KATAKANA;SEION;YOON,,,,,,,KANA,YOON,,63,,,,,,,,,,,,,,,
ヒュ,,hyu,hyu,KANA;KATAKANA;SEION;YOON,,,,,,,KANA,YOON,,64,,,,,,,,,,,,,,,
ヒョ,,hyo,hyo,KANA;KATAKANA;SEION;YOON,,,,,,,KANA,YOON,,65,,,,,,,,,,,,,,,
ミャ,,mya,mya,KANA;KATAKANA;SEION;YOON,,,,,,,KANA,YOON,,66,,,,,,,,,,,,,,,
ミュ,,myu,myu,KANA;KATAKANA;SEION;YOON,,,,,,,KANA,YOON,,67,,,,,,,,,,,,,,,
ミョ,,myo,myo,KANA;KATAKANA;SEION;YOON,,,,,,,KANA,YOON,,68,,,,,,,,,,,,,,,
リャ,,rya,rya,KANA;KATAKANA;SEION;YOON,,,,,,,KANA,YOON,,69,,,,,,,,,,,,,,,
リュ,,ryu,ryu,KANA;KATAKANA;SEION;YOON,,,,,,,KANA,YOON,,70,,,,,,,,,,,,,,,
リョ,,ryo,ryo,KANA;KATAKANA;SEION;YOON,,,,,,,KANA,YOON,,71,,,,,,,,,,,,,,,
ギャ,,gya,gya,KANA;KATAKANA;DAKUON;YOON,,,,,,,KANA,YOON,,72,,,,,,,,,,,,,,,
ギュ,,gyu,gyu,KANA;KATAKANA;DAKUON;YOON,,,,,,,KANA,YOON,,73,,,,,,,,,,,,,,,
ギョ,,gyo,gyo,KANA;KATAKANA;DAKUON;YOON,,,,,,,KANA,YOON,,74,,,,,,,,,,,,,,,
ジャ,,ja,ja,KANA;KATAKANA;DAKUON;YOON,,,,赫本式罗马字：ja，训令式罗马字：zya，不存在jya,,,KANA,YOON,,75,,,,,,,,,,,,,,,
ジュ,,ju,ju,KANA;KATAKANA;DAKUON;YOON,,,,赫本式罗马字：ju，训令式罗马字：zyu，不存在jyu,,,KANA,YOON,,76,,,,,,,,,,,,,,,
ジョ,,jo,jo,KANA;KATAKANA;DAKUON;YOON,,,,赫本式罗马字：ja，训令式罗马字：zya，不存在jya,,,KANA,YOON,,77,,,,,,,,,,,,,,,
ビャ,,bya,bya,KANA;KATAKANA;DAKUON;YOON,,,,,,,KANA,YOON,,78,,,,,,,,,,,,,,,
ビュ,,byu,byu,KANA;KATAKANA;DAKUON;YOON,,,,,,,KANA,YOON,,79,,,,,,,,,,,,,,,
ビョ,,byo,byo,KANA;KATAKANA;DAKUON;YOON,,,,,,,KANA,YOON,,80,,,,,,,,,,,,,,,
ピャ,,pya,pya,KANA;KATAKANA;HANDAKUON;YOON,,,,,,,KANA,YOON,,81,,,,,,,,,,,,,,,
ピュ,,pyu,pyu,KANA;KATAKANA;HANDAKUON;YOON,,,,,,,KANA,YOON,,82,,,,,,,,,,,,,,,
ピョ,,pyo,pyo,KANA;KATAKANA;HANDAKUON;YOON,,,,,,,KANA,YOON,,83,,,,,,,,,,,,,,,
ャ,,xya,xya,KANA;KATAKANA;SEION;YOON,,,,在日语输入法中输入前缀x或l可直接输入小字,,,KANA,YOON,,84,,,,,,,,,,,,,,,
ュ,,xyu,xyu,KANA;KATAKANA;SEION;YOON,,,,在日语输入法中输入前缀x或l可直接输入小字,,,KANA,YOON,,85,,,,,,,,,,,,,,,
ョ,,xyo,xyo,KANA;KATAKANA;SEION;YOON,,,,在日语输入法中输入前缀x或l可直接输入小字,,,KANA,YOON,,86,,,,,,,,,,,,,,,
ッ,,xtu,xtu,KANA;KATAKANA;SOKUON,,,,促音只会发生在カサタパ行假名之前，促音的罗马字是双写后一个假名的子音（辅音），在输入法中可直接双写后一个假名的子音输入，例如：kka-ッカ，ssa-ッサ，tta-ッタ，ppa-ッパ，也可通过xtu（或xtsu）直接输入促音,,,KANA,YOON,,87,,,,,,,,,,,,,,,
ああ,,ā,aa,KANA;HIRAGANA;CHOON,,,,あ段长音,,,KANA,CHOON,,1,,,,,,,,,,,,,,,
いい,,ī,ii,KANA;HIRAGANA;CHOON,,,,い段长音,,,KANA,CHOON,,2,,,,,,,,,,,,,,,
うう,,ū,uu,KANA;HIRAGANA;CHOON,,,,う段长音,,,KANA,CHOON,,3,,,,,,,,,,,,,,,
ええ,,ē,ee,KANA;HIRAGANA;CHOON,,,,え段长音,,,KANA,CHOON,,4,,,,,,,,,,,,,,,
えい,,ei,ei,KANA;HIRAGANA;CHOON,,,,え段长音，特别注意母音えい的罗马字是ei，不是ē；另外，在某些标准中えい不被当作长音，只是发音同ええ,,,KANA,CHOON,,5,,,,,,,,,,,,,,,
おお,,ō,oo,KANA;HIRAGANA;CHOON,,,,お段长音,,,KANA,CHOON,,6,,,,,,,,,,,,,,,
おう,,ō,ou,KANA;HIRAGANA;CHOON,,,,お段长音，特别注意母音为おう的罗马字是ō，不是ou（与えい相反）；,,,KANA,CHOON,,7,,,,,,,,,,,,,,,
アー,,ā,a-,KANA;KATAKANA;CHOON,,,,ア段长音,<ruby>パーティー<rt>party</rt></ruby>,派对,KANA,CHOON,,101,,,,,,,,,,,,,,,
イー,,ī,i-,KANA;KATAKANA;CHOON,,,,イ段长音,<ruby>ヒーター<rt>heater</rt></ruby>；<ruby>タクシー<rt>taxi</rt></ruby>,加热器；出租车,KANA,CHOON,,102,,,,,,,,,,,,,,,
ウー,,ū,u-,KANA;KATAKANA;CHOON,,,,ウ段长音,<ruby>スーパーマン<rt>superman</rt></ruby>,超人,KANA,CHOON,,103,,,,,,,,,,,,,,,
エー,,ē,e-,KANA;KATAKANA;CHOON,,,,エ段长音,<ruby>セーラー<rt>sailor</rt></ruby>；<ruby>バレーボール<rt>volleyball</rt></ruby>,水手；排球,KANA,CHOON,,104,,,,,,,,,,,,,,,
オー,,ō,o-,KANA;KATAKANA;CHOON,,,,オ段长音,<ruby>ソール<rt>sole</rt></ruby>,脚掌,KANA,CHOON,,105,,,,,,,,,,,,,,,
シェ,,she,she,KANA;KATAKANA;GAIRAIGO,,,,,,,KANA,GAIRAIGO,,1,,,,,,,,,,,,,,,
チェ,,che,che,KANA;KATAKANA;GAIRAIGO,,,,,,,KANA,GAIRAIGO,,2,,,,,,,,,,,,,,,
ツァ,,tsa,tsa,KANA;KATAKANA;GAIRAIGO,,,,,,,KANA,GAIRAIGO,,3,,,,,,,,,,,,,,,
ツェ,,tse,tse,KANA;KATAKANA;GAIRAIGO,,,,,,,KANA,GAIRAIGO,,4,,,,,,,,,,,,,,,
ツォ,,tso,tso,KANA;KATAKANA;GAIRAIGO,,,,,,,KANA,GAIRAIGO,,5,,,,,,,,,,,,,,,
ティ,,ti,thi,KANA;KATAKANA;GAIRAIGO,,,,在日语输入法中必须输入thi，不能输入ti，与チ区分,,,KANA,GAIRAIGO,,6,,,,,,,,,,,,,,,
ファ,,fa,fa,KANA;KATAKANA;GAIRAIGO,,,,,,,KANA,GAIRAIGO,,7,,,,,,,,,,,,,,,
フィ,,fi,fi,KANA;KATAKANA;GAIRAIGO,,,,,,,KANA,GAIRAIGO,,8,,,,,,,,,,,,,,,
フェ,,fe,fe,KANA;KATAKANA;GAIRAIGO,,,,,,,KANA,GAIRAIGO,,9,,,,,,,,,,,,,,,
フォ,,fo,fo,KANA;KATAKANA;GAIRAIGO,,,,,,,KANA,GAIRAIGO,,10,,,,,,,,,,,,,,,
ジェ,,je,je,KANA;KATAKANA;GAIRAIGO,,,,,,,KANA,GAIRAIGO,,11,,,,,,,,,,,,,,,
ディ,,di,dhi,KANA;KATAKANA;GAIRAIGO,,,,在日语输入法中必须输入dhi，不能输入di，与ヂ区分,,,KANA,GAIRAIGO,,12,,,,,,,,,,,,,,,
ヂュ,,dyu,dyu,KANA;KATAKANA;GAIRAIGO,,,,,,,KANA,GAIRAIGO,,13,,,,,,,,,,,,,,,
イェ,,ye,ye,KANA;KATAKANA;GAIRAIGO,,,,,,,KANA,GAIRAIGO,EXT,101,,,,,,,,,,,,,,,
ウィ,,wi,uxi,KANA;KATAKANA;GAIRAIGO,,,,,,,KANA,GAIRAIGO,EXT,102,,,,,,,,,,,,,,,
ウェ,,we,uxe,KANA;KATAKANA;GAIRAIGO,,,,,,,KANA,GAIRAIGO,EXT,103,,,,,,,,,,,,,,,
ウォ,,wo,uxo,KANA;KATAKANA;GAIRAIGO,,,,,,,KANA,GAIRAIGO,EXT,104,,,,,,,,,,,,,,,
クァ,,kwa,kuxa,KANA;KATAKANA;GAIRAIGO,,,,,,,KANA,GAIRAIGO,EXT,105,,,,,,,,,,,,,,,
クィ,,kwi,kuxi,KANA;KATAKANA;GAIRAIGO,,,,,,,KANA,GAIRAIGO,EXT,106,,,,,,,,,,,,,,,
クェ,,kwe,kuxe,KANA;KATAKANA;GAIRAIGO,,,,,,,KANA,GAIRAIGO,EXT,107,,,,,,,,,,,,,,,
クォ,,kwo,kuxo,KANA;KATAKANA;GAIRAIGO,,,,,,,KANA,GAIRAIGO,EXT,108,,,,,,,,,,,,,,,
ツィ,,tsi,tsi,KANA;KATAKANA;GAIRAIGO,,,,,,,KANA,GAIRAIGO,EXT,109,,,,,,,,,,,,,,,
トゥ,,tu,toxu,KANA;KATAKANA;GAIRAIGO,,,,,,,KANA,GAIRAIGO,EXT,110,,,,,,,,,,,,,,,
テュ,,tyu,texyu,KANA;KATAKANA;GAIRAIGO,,,,,,,KANA,GAIRAIGO,EXT,111,,,,,,,,,,,,,,,
フュ,,fyu,fyu,KANA;KATAKANA;GAIRAIGO,,,,,,,KANA,GAIRAIGO,EXT,112,,,,,,,,,,,,,,,
ヴァ,,va,va,KANA;KATAKANA;GAIRAIGO,,,,,,,KANA,GAIRAIGO,EXT,113,,,,,,,,,,,,,,,
ヴィ,,vi,vi,KANA;KATAKANA;GAIRAIGO,,,,,,,KANA,GAIRAIGO,EXT,114,,,,,,,,,,,,,,,
ヴ,,vu,vu,KANA;KATAKANA;GAIRAIGO,,,,,,,KANA,GAIRAIGO,EXT,115,,,,,,,,,,,,,,,
ヴェ,,ve,ve,KANA;KATAKANA;GAIRAIGO,,,,,,,KANA,GAIRAIGO,EXT,116,,,,,,,,,,,,,,,
ヴォ,,vo,vo,KANA;KATAKANA;GAIRAIGO,,,,,,,KANA,GAIRAIGO,EXT,117,,,,,,,,,,,,,,,
ヴュ,,vyu,vyu,KANA;KATAKANA;GAIRAIGO,,,,,,,KANA,GAIRAIGO,EXT,118,,,,,,,,,,,,,,,
グァ,,gwa,gwa,KANA;KATAKANA;GAIRAIGO,,,,,,,KANA,GAIRAIGO,EXT,119,,,,,,,,,,,,,,,
ドゥ,,du,doxu,KANA;KATAKANA;GAIRAIGO,,,,,,,KANA,GAIRAIGO,EXT,120,,,,,,,,,,,,,,,
あ,a,a,a,ROMAJI;HIRAGANA;SEION,「平仮名」a,,,,,,ROMAJI,HIRAGANA,,1,,,,,,,,,,,,,,,
い,i,i,i,ROMAJI;HIRAGANA;SEION,「平仮名」i,,,,,,ROMAJI,HIRAGANA,,2,,,,,,,,,,,,,,,
う,u,u,u,ROMAJI;HIRAGANA;SEION,「平仮名」u,,,,,,ROMAJI,HIRAGANA,,3,,,,,,,,,,,,,,,
え,e,e,e,ROMAJI;HIRAGANA;SEION,「平仮名」e,,,,,,ROMAJI,HIRAGANA,,4,,,,,,,,,,,,,,,
お,o,o,o,ROMAJI;HIRAGANA;SEION,「平仮名」o,,,,,,ROMAJI,HIRAGANA,,5,,,,,,,,,,,,,,,
か,ka,ka,ka,ROMAJI;HIRAGANA;SEION,「平仮名」ka,,,,,,ROMAJI,HIRAGANA,,6,,,,,,,,,,,,,,,
き,ki,ki,ki,ROMAJI;HIRAGANA;SEION,「平仮名」ki,,,,,,ROMAJI,HIRAGANA,,7,,,,,,,,,,,,,,,
く,ku,ku,ku,ROMAJI;HIRAGANA;SEION,「平仮名」ku,,,,,,ROMAJI,HIRAGANA,,8,,,,,,,,,,,,,,,
け,ke,ke,ke,ROMAJI;HIRAGANA;SEION,「平仮名」ke,,,,,,ROMAJI,HIRAGANA,,9,,,,,,,,,,,,,,,
こ,ko,ko,ko,ROMAJI;HIRAGANA;SEION,「平仮名」ko,,,,,,ROMAJI,HIRAGANA,,10,,,,,,,,,,,,,,,
さ,sa,sa,sa,ROMAJI;HIRAGANA;SEION,「平仮名」sa,,,,,,ROMAJI,HIRAGANA,,11,,,,,,,,,,,,,,,
し,shi,shi,shi,ROMAJI;HIRAGANA;SEION,「平仮名」shi,,,,,,ROMAJI,HIRAGANA,,12,,,,,,,,,,,,,,,
す,su,su,su,ROMAJI;HIRAGANA;SEION,「平仮名」su,,,,,,ROMAJI,HIRAGANA,,13,,,,,,,,,,,,,,,
せ,se,se,se,ROMAJI;HIRAGANA;SEION,「平仮名」se,,,,,,ROMAJI,HIRAGANA,,14,,,,,,,,,,,,,,,
そ,so,so,so,ROMAJI;HIRAGANA;SEION,「平仮名」so,,,,,,ROMAJI,HIRAGANA,,15,,,,,,,,,,,,,,,
た,ta,ta,ta,ROMAJI;HIRAGANA;SEION,「平仮名」ta,,,,,,ROMAJI,HIRAGANA,,16,,,,,,,,,,,,,,,
ち,chi,chi,chi,ROMAJI;HIRAGANA;SEION,「平仮名」chi,,,,,,ROMAJI,HIRAGANA,,17,,,,,,,,,,,,,,,
つ,tsu,tsu,tsu,ROMAJI;HIRAGANA;SEION,「平仮名」tsu,,,,,,ROMAJI,HIRAGANA,,18,,,,,,,,,,,,,,,
て,te,te,te,ROMAJI;HIRAGANA;SEION,「平仮名」te,,,,,,ROMAJI,HIRAGANA,,19,,,,,,,,,,,,,,,
と,to,to,to,ROMAJI;HIRAGANA;SEION,「平仮名」to,,,,,,ROMAJI,HIRAGANA,,20,,,,,,,,,,,,,,,
な,na,na,na,ROMAJI;HIRAGANA;SEION,「平仮名」na,,,,,,ROMAJI,HIRAGANA,,21,,,,,,,,,,,,,,,
に,ni,ni,ni,ROMAJI;HIRAGANA;SEION,「平仮名」ni,,,,,,ROMAJI,HIRAGANA,,22,,,,,,,,,,,,,,,
ぬ,nu,nu,nu,ROMAJI;HIRAGANA;SEION,「平仮名」nu,,,,,,ROMAJI,HIRAGANA,,23,,,,,,,,,,,,,,,
ね,ne,ne,ne,ROMAJI;HIRAGANA;SEION,「平仮名」ne,,,,,,ROMAJI,HIRAGANA,,24,,,,,,,,,,,,,,,
の,no,no,no,ROMAJI;HIRAGANA;SEION,「平仮名」no,,,,,,ROMAJI,HIRAGANA,,25,,,,,,,,,,,,,,,
は,ha,ha,ha,ROMAJI;HIRAGANA;SEION,「平仮名」ha,,,,,,ROMAJI,HIRAGANA,,26,,,,,,,,,,,,,,,
ひ,hi,hi,hi,ROMAJI;HIRAGANA;SEION,「平仮名」hi,,,,,,ROMAJI,HIRAGANA,,27,,,,,,,,,,,,,,,
ふ,fu,fu,fu,ROMAJI;HIRAGANA;SEION,「平仮名」fu,,,,,,ROMAJI,HIRAGANA,,28,,,,,,,,,,,,,,,
へ,he,he,he,ROMAJI;HIRAGANA;SEION,「平仮名」he,,,,,,ROMAJI,HIRAGANA,,29,,,,,,,,,,,,,,,
ほ,ho,ho,ho,ROMAJI;HIRAGANA;SEION,「平仮名」ho,,,,,,ROMAJI,HIRAGANA,,30,,,,,,,,,,,,,,,
ま,ma,ma,ma,ROMAJI;HIRAGANA;SEION,「平仮名」ma,,,,,,ROMAJI,HIRAGANA,,31,,,,,,,,,,,,,,,
み,mi,mi,mi,ROMAJI;HIRAGANA;SEION,「平仮名」mi,,,,,,ROMAJI,HIRAGANA,,32,,,,,,,,,,,,,,,
む,mu,mu,mu,ROMAJI;HIRAGANA;SEION,「平仮名」mu,,,,,,ROMAJI,HIRAGANA,,33,,,,,,,,,,,,,,,
め,me,me,me,ROMAJI;HIRAGANA;SEION,「平仮名」me,,,,,,ROMAJI,HIRAGANA,,34,,,,,,,,,,,,,,,
も,mo,mo,mo,ROMAJI;HIRAGANA;SEION,「平仮名」mo,,,,,,ROMAJI,HIRAGANA,,35,,,,,,,,,,,,,,,
や,ya,ya,ya,ROMAJI;HIRAGANA;SEION,「平仮名」ya,,,,,,ROMAJI,HIRAGANA,,36,,,,,,,,,,,,,,,
ゆ,yu,yu,yu,ROMAJI;HIRAGANA;SEION,「平仮名」yu,,,,,,ROMAJI,HIRAGANA,,38,,,,,,,,,,,,,,,
よ,yo,yo,yo,ROMAJI;HIRAGANA;SEION,「平仮名」yo,,,,,,ROMAJI,HIRAGANA,,40,,,,,,,,,,,,,,,
ら,ra,ra,ra,ROMAJI;HIRAGANA;SEION,「平仮名」ra,,,,,,ROMAJI,HIRAGANA,,41,,,,,,,,,,,,,,,
り,ri,ri,ri,ROMAJI;HIRAGANA;SEION,「平仮名」ri,,,,,,ROMAJI,HIRAGANA,,42,,,,,,,,,,,,,,,
る,ru,ru,ru,ROMAJI;HIRAGANA;SEION,「平仮名」ru,,,,,,ROMAJI,HIRAGANA,,43,,,,,,,,,,,,,,,
れ,re,re,re,ROMAJI;HIRAGANA;SEION,「平仮名」re,,,,,,ROMAJI,HIRAGANA,,44,,,,,,,,,,,,,,,
ろ,ro,ro,ro,ROMAJI;HIRAGANA;SEION,「平仮名」ro,,,,,,ROMAJI,HIRAGANA,,45,,,,,,,,,,,,,,,
わ,wa,wa,wa,ROMAJI;HIRAGANA;SEION,「平仮名」wa,,,,,,ROMAJI,HIRAGANA,,46,,,,,,,,,,,,,,,
ゐ,wi,wi,wi,DEPRECATED;ROMAJI;HIRAGANA;SEION,「平仮名」wi,,,,,,ROMAJI,HIRAGANA,EXT,47,,,,,,,,,,,,,,,
ゑ,we,we,we,DEPRECATED;ROMAJI;HIRAGANA;SEION,「平仮名」we,,,,,,ROMAJI,HIRAGANA,EXT,49,,,,,,,,,,,,,,,
を,wo,o,wo,ROMAJI;HIRAGANA;SEION,「平仮名」o (wo),,,,,,ROMAJI,HIRAGANA,,50,,,,,,,,,,,,,,,
ん,nn,n,nn,ROMAJI;HIRAGANA;HATSUON,「平仮名」n (nn),,,,,,ROMAJI,HIRAGANA,,51,,,,,,,,,,,,,,,
ア,A,a,a,ROMAJI;KATAKANA;SEION,「片仮名」a,,,,,,ROMAJI,KATAKANA,,1,,,,,,,,,,,,,,,
イ,I,i,i,ROMAJI;KATAKANA;SEION,「片仮名」i,,,,,,ROMAJI,KATAKANA,,2,,,,,,,,,,,,,,,
ウ,U,u,u,ROMAJI;KATAKANA;SEION,「片仮名」u,,,,,,ROMAJI,KATAKANA,,3,,,,,,,,,,,,,,,
エ,E,e,e,ROMAJI;KATAKANA;SEION,「片仮名」e,,,,,,ROMAJI,KATAKANA,,4,,,,,,,,,,,,,,,
オ,O,o,o,ROMAJI;KATAKANA;SEION,「片仮名」o,,,,,,ROMAJI,KATAKANA,,5,,,,,,,,,,,,,,,
カ,KA,ka,ka,ROMAJI;KATAKANA;SEION,「片仮名」ka,,,,,,ROMAJI,KATAKANA,,6,,,,,,,,,,,,,,,
キ,KI,ki,ki,ROMAJI;KATAKANA;SEION,「片仮名」ki,,,,,,ROMAJI,KATAKANA,,7,,,,,,,,,,,,,,,
ク,KU,ku,ku,ROMAJI;KATAKANA;SEION,「片仮名」ku,,,,,,ROMAJI,KATAKANA,,8,,,,,,,,,,,,,,,
ケ,KE,ke,ke,ROMAJI;KATAKANA;SEION,「片仮名」ke,,,,,,ROMAJI,KATAKANA,,9,,,,,,,,,,,,,,,
コ,KO,ko,ko,ROMAJI;KATAKANA;SEION,「片仮名」ko,,,,,,ROMAJI,KATAKANA,,10,,,,,,,,,,,,,,,
サ,SA,sa,sa,ROMAJI;KATAKANA;SEION,「片仮名」sa,,,,,,ROMAJI,KATAKANA,,11,,,,,,,,,,,,,,,
シ,SHI,shi,shi,ROMAJI;KATAKANA;SEION,「片仮名」shi,,,,,,ROMAJI,KATAKANA,,12,,,,,,,,,,,,,,,
ス,SU,su,su,ROMAJI;KATAKANA;SEION,「片仮名」su,,,,,,ROMAJI,KATAKANA,,13,,,,,,,,,,,,,,,
セ,SE,se,se,ROMAJI;KATAKANA;SEION,「片仮名」se,,,,,,ROMAJI,KATAKANA,,14,,,,,,,,,,,,,,,
ソ,SO,so,so,ROMAJI;KATAKANA;SEION,「片仮名」so,,,,,,ROMAJI,KATAKANA,,15,,,,,,,,,,,,,,,
タ,TA,ta,ta,ROMAJI;KATAKANA;SEION,「片仮名」ta,,,,,,ROMAJI,KATAKANA,,16,,,,,,,,,,,,,,,
チ,CHI,chi,chi,ROMAJI;KATAKANA;SEION,「片仮名」chi,,,,,,ROMAJI,KATAKANA,,17,,,,,,,,,,,,,,,
ツ,TSU,tsu,tsu,ROMAJI;KATAKANA;SEION,「片仮名」tsu,,,,,,ROMAJI,KATAKANA,,18,,,,,,,,,,,,,,,
テ,TE,te,te,ROMAJI;KATAKANA;SEION,「片仮名」te,,,,,,ROMAJI,KATAKANA,,19,,,,,,,,,,,,,,,
ト,TO,to,to,ROMAJI;KATAKANA;SEION,「片仮名」to,,,,,,ROMAJI,KATAKANA,,20,,,,,,,,,,,,,,,
ナ,NA,na,na,ROMAJI;KATAKANA;SEION,「片仮名」na,,,,,,ROMAJI,KATAKANA,,21,,,,,,,,,,,,,,,
ニ,NI,ni,ni,ROMAJI;KATAKANA;SEION,「片仮名」ni,,,,,,ROMAJI,KATAKANA,,22,,,,,,,,,,,,,,,
ヌ,NU,nu,nu,ROMAJI;KATAKANA;SEION,「片仮名」nu,,,,,,ROMAJI,KATAKANA,,23,,,,,,,,,,,,,,,
ネ,NE,ne,ne,ROMAJI;KATAKANA;SEION,「片仮名」ne,,,,,,ROMAJI,KATAKANA,,24,,,,,,,,,,,,,,,
ノ,NO,no,no,ROMAJI;KATAKANA;SEION,「片仮名」no,,,,,,ROMAJI,KATAKANA,,25,,,,,,,,,,,,,,,
ハ,HA,ha,ha,ROMAJI;KATAKANA;SEION,「片仮名」ha,,,,,,ROMAJI,KATAKANA,,26,,,,,,,,,,,,,,,
ヒ,HI,hi,hi,ROMAJI;KATAKANA;SEION,「片仮名」hi,,,,,,ROMAJI,KATAKANA,,27,,,,,,,,,,,,,,,
フ,FU,fu,fu,ROMAJI;KATAKANA;SEION,「片仮名」fu,,,,,,ROMAJI,KATAKANA,,28,,,,,,,,,,,,,,,
ヘ,HE,he,he,ROMAJI;KATAKANA;SEION,「片仮名」he,,,,,,ROMAJI,KATAKANA,,29,,,,,,,,,,,,,,,
ホ,HO,ho,ho,ROMAJI;KATAKANA;SEION,「片仮名」ho,,,,,,ROMAJI,KATAKANA,,30,,,,,,,,,,,,,,,
マ,MA,ma,ma,ROMAJI;KATAKANA;SEION,「片仮名」ma,,,,,,ROMAJI,KATAKANA,,31,,,,,,,,,,,,,,,
ミ,MI,mi,mi,ROMAJI;KATAKANA;SEION,「片仮名」mi,,,,,,ROMAJI,KATAKANA,,32,,,,,,,,,,,,,,,
ム,MU,mu,mu,ROMAJI;KATAKANA;SEION,「片仮名」mu,,,,,,ROMAJI,KATAKANA,,33,,,,,,,,,,,,,,,
メ,ME,me,me,ROMAJI;KATAKANA;SEION,「片仮名」me,,,,,,ROMAJI,KATAKANA,,34,,,,,,,,,,,,,,,
モ,MO,mo,mo,ROMAJI;KATAKANA;SEION,「片仮名」mo,,,,,,ROMAJI,KATAKANA,,35,,,,,,,,,,,,,,,
ヤ,YA,ya,ya,ROMAJI;KATAKANA;SEION,「片仮名」ya,,,,,,ROMAJI,KATAKANA,,36,,,,,,,,,,,,,,,
ユ,YU,yu,yu,ROMAJI;KATAKANA;SEION,「片仮名」yu,,,,,,ROMAJI,KATAKANA,,38,,,,,,,,,,,,,,,
ヨ,YO,yo,yo,ROMAJI;KATAKANA;SEION,「片仮名」yo,,,,,,ROMAJI,KATAKANA,,40,,,,,,,,,,,,,,,
ラ,RA,ra,ra,ROMAJI;KATAKANA;SEION,「片仮名」ra,,,,,,ROMAJI,KATAKANA,,41,,,,,,,,,,,,,,,
リ,RI,ri,ri,ROMAJI;KATAKANA;SEION,「片仮名」ri,,,,,,ROMAJI,KATAKANA,,42,,,,,,,,,,,,,,,
ル,RU,ru,ru,ROMAJI;KATAKANA;SEION,「片仮名」ru,,,,,,ROMAJI,KATAKANA,,43,,,,,,,,,,,,,,,
レ,RE,re,re,ROMAJI;KATAKANA;SEION,「片仮名」re,,,,,,ROMAJI,KATAKANA,,44,,,,,,,,,,,,,,,
ロ,RO,ro,ro,ROMAJI;KATAKANA;SEION,「片仮名」ro,,,,,,ROMAJI,KATAKANA,,45,,,,,,,,,,,,,,,
ワ,WA,wa,wa,ROMAJI;KATAKANA;SEION,「片仮名」wa,,,,,,ROMAJI,KATAKANA,,46,,,,,,,,,,,,,,,
ヰ,WI,wi,wi,DEPRECATED;ROMAJI;KATAKANA;SEION,「片仮名」wi,,,,,,ROMAJI,KATAKANA,EXT,47,,,,,,,,,,,,,,,
ヱ,WE,we,we,DEPRECATED;ROMAJI;KATAKANA;SEION,「片仮名」we,,,,,,ROMAJI,KATAKANA,EXT,49,,,,,,,,,,,,,,,
ヲ,WO,o,wo,ROMAJI;KATAKANA;SEION,「片仮名」o (wo),,,,,,ROMAJI,KATAKANA,,50,,,,,,,,,,,,,,,
ン,NN,n,nn,ROMAJI;KATAKANA;HATSUON,「片仮名」n (nn),,,,,,ROMAJI,KATAKANA,,51,,,,,,,,,,,,,,,
が,ga,ga,ga,ROMAJI;HIRAGANA;DAKUON,「平仮名」ga,,,,,,ROMAJI,DAKUON,,1,,,,,,,,,,,,,,,
ぎ,gi,gi,gi,ROMAJI;HIRAGANA;DAKUON,「平仮名」gi,,,,,,ROMAJI,DAKUON,,2,,,,,,,,,,,,,,,
ぐ,gu,gu,gu,ROMAJI;HIRAGANA;DAKUON,「平仮名」gu,,,,,,ROMAJI,DAKUON,,3,,,,,,,,,,,,,,,
げ,ge,ge,ge,ROMAJI;HIRAGANA;DAKUON,「平仮名」ge,,,,,,ROMAJI,DAKUON,,4,,,,,,,,,,,,,,,
ご,go,go,go,ROMAJI;HIRAGANA;DAKUON,「平仮名」go,,,,,,ROMAJI,DAKUON,,5,,,,,,,,,,,,,,,
ざ,za,za,za,ROMAJI;HIRAGANA;DAKUON,「平仮名」za,,,,,,ROMAJI,DAKUON,,6,,,,,,,,,,,,,,,
じ,ji,ji,ji,ROMAJI;HIRAGANA;DAKUON,「平仮名」ji,,,,,,ROMAJI,DAKUON,,7,,,,,,,,,,,,,,,
ず,zu,zu,zu,ROMAJI;HIRAGANA;DAKUON,「平仮名」zu,,,,,,ROMAJI,DAKUON,,8,,,,,,,,,,,,,,,
ぜ,ze,ze,ze,ROMAJI;HIRAGANA;DAKUON,「平仮名」ze,,,,,,ROMAJI,DAKUON,,9,,,,,,,,,,,,,,,
ぞ,zo,zo,zo,ROMAJI;HIRAGANA;DAKUON,「平仮名」zo,,,,,,ROMAJI,DAKUON,,10,,,,,,,,,,,,,,,
だ,da,da,da,ROMAJI;HIRAGANA;DAKUON,「平仮名」da,,,,,,ROMAJI,DAKUON,,11,,,,,,,,,,,,,,,
ぢ,di,ji,di,ROMAJI;HIRAGANA;DAKUON,「平仮名」ji (di),,,,,,ROMAJI,DAKUON,,12,,,,,,,,,,,,,,,
づ,du,zu,du,ROMAJI;HIRAGANA;DAKUON,「平仮名」zu (du),,,,,,ROMAJI,DAKUON,,13,,,,,,,,,,,,,,,
で,de,de,de,ROMAJI;HIRAGANA;DAKUON,「平仮名」de,,,,,,ROMAJI,DAKUON,,14,,,,,,,,,,,,,,,
ど,do,do,do,ROMAJI;HIRAGANA;DAKUON,「平仮名」do,,,,,,ROMAJI,DAKUON,,15,,,,,,,,,,,,,,,
ば,ba,ba,ba,ROMAJI;HIRAGANA;DAKUON,「平仮名」ba,,,,,,ROMAJI,DAKUON,,16,,,,,,,,,,,,,,,
び,bi,bi,bi,ROMAJI;HIRAGANA;DAKUON,「平仮名」bi,,,,,,ROMAJI,DAKUON,,17,,,,,,,,,,,,,,,
ぶ,bu,bu,bu,ROMAJI;HIRAGANA;DAKUON,「平仮名」bu,,,,,,ROMAJI,DAKUON,,18,,,,,,,,,,,,,,,
べ,be,be,be,ROMAJI;HIRAGANA;DAKUON,「平仮名」be,,,,,,ROMAJI,DAKUON,,19,,,,,,,,,,,,,,,
ぼ,bo,bo,bo,ROMAJI;HIRAGANA;DAKUON,「平仮名」bo,,,,,,ROMAJI,DAKUON,,20,,,,,,,,,,,,,,,
ぱ,pa,pa,pa,ROMAJI;HIRAGANA;HANDAKUON,「平仮名」pa,,,,,,ROMAJI,DAKUON,,21,,,,,,,,,,,,,,,
ぴ,pi,pi,pi,ROMAJI;HIRAGANA;HANDAKUON,「平仮名」pi,,,,,,ROMAJI,DAKUON,,22,,,,,,,,,,,,,,,
ぷ,pu,pu,pu,ROMAJI;HIRAGANA;HANDAKUON,「平仮名」pu,,,,,,ROMAJI,DAKUON,,23,,,,,,,,,,,,,,,
ぺ,pe,pe,pe,ROMAJI;HIRAGANA;HANDAKUON,「平仮名」pe,,,,,,ROMAJI,DAKUON,,24,,,,,,,,,,,,,,,
ぽ,po,po,po,ROMAJI;HIRAGANA;HANDAKUON,「平仮名」po,,,,,,ROMAJI,DAKUON,,25,,,,,,,,,,,,,,,
ガ,GA,ga,ga,ROMAJI;KATAKANA;DAKUON,「片仮名」ga,,,,,,ROMAJI,DAKUON,,101,,,,,,,,,,,,,,,
ギ,GI,gi,gi,ROMAJI;KATAKANA;DAKUON,「片仮名」gi,,,,,,ROMAJI,DAKUON,,102,,,,,,,,,,,,,,,
グ,GU,gu,gu,ROMAJI;KATAKANA;DAKUON,「片仮名」gu,,,,,,ROMAJI,DAKUON,,103,,,,,,,,,,,,,,,
ゲ,GE,ge,ge,ROMAJI;KATAKANA;DAKUON,「片仮名」ge,,,,,,ROMAJI,DAKUON,,104,,,,,,,,,,,,,,,
ゴ,GO,go,go,ROMAJI;KATAKANA;DAKUON,「片仮名」go,,,,,,ROMAJI,DAKUON,,105,,,,,,,,,,,,,,,
ザ,ZA,za,za,ROMAJI;KATAKANA;DAKUON,「片仮名」za,,,,,,ROMAJI,DAKUON,,106,,,,,,,,,,,,,,,
ジ,JI,ji,ji,ROMAJI;KATAKANA;DAKUON,「片仮名」ji,,,,,,ROMAJI,DAKUON,,107,,,,,,,,,,,,,,,
ズ,ZU,zu,zu,ROMAJI;KATAKANA;DAKUON,「片仮名」zu,,,,,,ROMAJI,DAKUON,,108,,,,,,,,,,,,,,,
ゼ,ZE,ze,ze,ROMAJI;KATAKANA;DAKUON,「片仮名」ze,,,,,,ROMAJI,DAKUON,,109,,,,,,,,,,,,,,,
ゾ,ZO,zo,zo,ROMAJI;KATAKANA;DAKUON,「片仮名」zo,,,,,,ROMAJI,DAKUON,,110,,,,,,,,,,,,,,,
ダ,DA,da,da,ROMAJI;KATAKANA;DAKUON,「片仮名」da,,,,,,ROMAJI,DAKUON,,111,,,,,,,,,,,,,,,
ヂ,DI,ji,di,ROMAJI;KATAKANA;DAKUON,「片仮名」ji (di),,,,,,ROMAJI,DAKUON,,112,,,,,,,,,,,,,,,
ヅ,DU,zu,du,ROMAJI;KATAKANA;DAKUON,「片仮名」zu (du),,,,,,ROMAJI,DAKUON,,113,,,,,,,,,,,,,,,
デ,DE,de,de,ROMAJI;KATAKANA;DAKUON,「片仮名」de,,,,,,ROMAJI,DAKUON,,114,,,,,,,,,,,,,,,
ど,DO,do,do,ROMAJI;KATAKANA;DAKUON,「片仮名」do,,,,,,ROMAJI,DAKUON,,115,,,,,,,,,,,,,,,
バ,BA,ba,ba,ROMAJI;KATAKANA;DAKUON,「片仮名」ba,,,,,,ROMAJI,DAKUON,,116,,,,,,,,,,,,,,,
ビ,BI,bi,bi,ROMAJI;KATAKANA;DAKUON,「片仮名」bi,,,,,,ROMAJI,DAKUON,,117,,,,,,,,,,,,,,,
ブ,BU,bu,bu,ROMAJI;KATAKANA;DAKUON,「片仮名」bu,,,,,,ROMAJI,DAKUON,,118,,,,,,,,,,,,,,,
ベ,BE,be,be,ROMAJI;KATAKANA;DAKUON,「片仮名」be,,,,,,ROMAJI,DAKUON,,119,,,,,,,,,,,,,,,
ボ,BO,bo,bo,ROMAJI;KATAKANA;DAKUON,「片仮名」bo,,,,,,ROMAJI,DAKUON,,120,,,,,,,,,,,,,,,
パ,PA,pa,pa,ROMAJI;KATAKANA;HANDAKUON,「片仮名」pa,,,,,,ROMAJI,DAKUON,,121,,,,,,,,,,,,,,,
ピ,PI,pi,pi,ROMAJI;KATAKANA;HANDAKUON,「片仮名」pi,,,,,,ROMAJI,DAKUON,,122,,,,,,,,,,,,,,,
プ,PU,pu,pu,ROMAJI;KATAKANA;HANDAKUON,「片仮名」pu,,,,,,ROMAJI,DAKUON,,123,,,,,,,,,,,,,,,
ペ,PE,pe,pe,ROMAJI;KATAKANA;HANDAKUON,「片仮名」pe,,,,,,ROMAJI,DAKUON,,124,,,,,,,,,,,,,,,
ポ,PO,po,po,ROMAJI;KATAKANA;HANDAKUON,「片仮名」po,,,,,,ROMAJI,DAKUON,,125,,,,,,,,,,,,,,,
